customer_id,market,acquisition_channel,acquisition_date
C00001,LT,Paid Search,2025-05-21
C00002,LV,Organic Search,2025-01-04
C00003,LT,Organic Search,2025-01-24
C00004,LT,CRM,2025-01-29
C00005,LV,Paid Search,2025-10-15
C00006,LT,Paid Social,2025-08-28
C00007,LV,Paid Search,2025-01-02
C00008,LV,Organic Search,2025-07-11
C00009,LV,Paid Search,2025-09-06
C00010,LV,Paid Social,2025-01-28
C00011,EE,Paid Search,2025-10-09
C00012,LV,Paid Search,2025-07-19
C00013,LT,Paid Search,2025-10-27
C00014,LV,Affiliate,2025-05-07
C00015,LV,Affiliate,2025-02-07
C00016,LV,Paid Search,2025-10-06
C00017,LV,Paid Social,2025-05-22
C00018,LT,CRM,2025-10-26
C00019,EE,Paid Search,2025-06-20
C00020,EE,Paid Social,2025-09-18
C00021,LV,CRM,2025-08-12
C00022,LV,Organic Search,2025-07-14
C00023,EE,CRM,2025-06-08
C00024,LT,Paid Search,2025-01-03
C00025,LT,Organic Search,2025-05-03
C00026,LV,Organic Search,2025-08-01
C00027,LV,Paid Social,2025-08-03
C00028,EE,Affiliate,2025-10-01
C00029,LV,Paid Social,2025-07-14
C00030,EE,Paid Search,2025-01-11
C00031,LV,Organic Search,2025-05-05
C00032,LV,Paid Social,2025-09-08
C00033,LV,Paid Search,2025-02-14
C00034,LV,Paid Search,2025-05-24
C00035,LV,CRM,2025-05-22
C00036,LV,Paid Search,2025-09-02
C00037,LV,CRM,2025-04-26
C00038,LV,Organic Search,2025-03-18
C00039,LV,Organic Search,2025-09-09
C00040,EE,Organic Search,2025-03-20
C00041,EE,Paid Social,2025-08-01
C00042,LT,Paid Social,2025-10-10
C00043,EE,Paid Social,2025-09-27
C00044,LV,Organic Search,2025-05-28
C00045,LV,Paid Search,2025-03-12
C00046,LT,Paid Social,2025-02-28
C00047,LV,Paid Search,2025-07-08
C00048,LV,Paid Search,2025-10-03
C00049,LT,Affiliate,2025-05-24
C00050,EE,Affiliate,2025-08-21
C00051,EE,Organic Search,2025-10-28
C00052,LV,Paid Social,2025-05-02
C00053,LV,Paid Search,2025-01-23
C00054,LV,Organic Search,2025-02-20
C00055,LV,Paid Search,2025-07-10
C00056,LT,CRM,2025-10-15
C00057,LT,Paid Social,2025-04-21
C00058,LV,Organic Search,2025-09-14
C00059,LT,Organic Search,2025-08-02
C00060,LV,Paid Social,2025-06-23
C00061,LV,Paid Search,2025-04-12
C00062,EE,Organic Search,2025-03-19
C00063,EE,Paid Search,2025-02-16
C00064,LT,Organic Search,2025-07-06
C00065,LT,Organic Search,2025-03-18
C00066,EE,Organic Search,2025-09-27
C00067,LT,Organic Search,2025-09-27
C00068,LT,Paid Search,2025-07-06
C00069,EE,CRM,2025-03-12
C00070,LV,Affiliate,2025-08-30
C00071,LT,Paid Search,2025-09-21
C00072,LV,Organic Search,2025-09-17
C00073,EE,Paid Social,2025-04-04
C00074,LV,Paid Social,2025-07-24
C00075,LV,Paid Search,2025-06-30
C00076,LT,Affiliate,2025-07-10
C00077,LV,Paid Search,2025-08-17
C00078,EE,Affiliate,2025-06-13
C00079,LV,Paid Social,2025-07-04
C00080,LT,CRM,2025-02-07
C00081,LT,CRM,2025-03-05
C00082,LV,Affiliate,2025-05-21
C00083,EE,Paid Search,2025-01-24
C00084,EE,Affiliate,2025-06-10
C00085,LV,Paid Social,2025-01-26
C00086,LV,Organic Search,2025-04-10
C00087,LV,CRM,2025-06-23
C00088,LT,Paid Social,2025-01-09
C00089,LT,Organic Search,2025-03-29
C00090,LV,Paid Search,2025-09-14
C00091,EE,Affiliate,2025-05-28
C00092,LT,CRM,2025-04-20
C00093,LV,Paid Social,2025-08-30
C00094,LT,Paid Social,2025-05-27
C00095,EE,Paid Social,2025-09-11
C00096,EE,Organic Search,2025-09-10
C00097,LV,Paid Social,2025-05-01
C00098,LV,Paid Search,2025-03-10
C00099,LT,Paid Social,2025-10-16
C00100,LV,Paid Social,2025-01-29
C00101,LV,Organic Search,2025-10-05
C00102,LT,CRM,2025-05-07
C00103,LV,Organic Search,2025-08-17
C00104,LV,Paid Search,2025-03-31
C00105,LT,Paid Search,2025-05-05
C00106,EE,Paid Search,2025-10-28
C00107,LT,Paid Social,2025-05-14
C00108,LV,Organic Search,2025-10-27
C00109,LV,Affiliate,2025-01-31
C00110,LV,Paid Social,2025-01-31
C00111,EE,Affiliate,2025-02-24
C00112,LV,Affiliate,2025-10-18
C00113,EE,Paid Social,2025-10-16
C00114,LV,Paid Social,2025-02-08
C00115,LV,Organic Search,2025-05-07
C00116,LT,Organic Search,2025-06-16
C00117,LV,Paid Social,2025-07-14
C00118,LV,Affiliate,2025-04-13
C00119,LT,Paid Search,2025-06-05
C00120,LT,CRM,2025-07-04
C00121,LV,Paid Social,2025-09-14
C00122,LV,Paid Social,2025-08-20
C00123,LT,Organic Search,2025-06-19
C00124,LV,CRM,2025-02-02
C00125,LT,Paid Social,2025-05-03
C00126,LT,Paid Social,2025-03-13
C00127,LT,Paid Social,2025-03-27
C00128,LT,Paid Search,2025-02-28
C00129,EE,Paid Search,2025-05-15
C00130,LV,Paid Search,2025-04-16
C00131,LV,Paid Social,2025-05-07
C00132,LT,Organic Search,2025-02-02
C00133,EE,Paid Social,2025-03-09
C00134,LV,Organic Search,2025-03-03
C00135,EE,Paid Search,2025-10-19
C00136,LT,Paid Social,2025-08-01
C00137,LT,Paid Social,2025-02-03
C00138,LV,Organic Search,2025-01-06
C00139,LT,Paid Search,2025-08-08
C00140,EE,Organic Search,2025-03-01
C00141,LT,Affiliate,2025-08-03
C00142,EE,CRM,2025-06-09
C00143,LT,Organic Search,2025-05-06
C00144,LV,Affiliate,2025-03-14
C00145,LT,CRM,2025-06-12
C00146,EE,Paid Search,2025-06-07
C00147,LV,Paid Search,2025-06-03
C00148,EE,Affiliate,2025-03-08
C00149,LV,Affiliate,2025-01-26
C00150,LV,Paid Search,2025-05-06
C00151,LV,Paid Search,2025-04-23
C00152,LT,Affiliate,2025-10-22
C00153,LT,Paid Search,2025-04-30
C00154,LT,Paid Social,2025-06-15
C00155,LV,Organic Search,2025-03-31
C00156,EE,Affiliate,2025-04-24
C00157,LV,Paid Search,2025-05-08
C00158,LV,Paid Social,2025-02-23
C00159,EE,Paid Search,2025-08-11
C00160,LV,Paid Social,2025-08-07
C00161,LT,Organic Search,2025-02-16
C00162,EE,CRM,2025-08-03
C00163,LT,Paid Social,2025-03-30
C00164,EE,Paid Social,2025-05-24
C00165,LV,Organic Search,2025-07-26
C00166,LV,CRM,2025-09-16
C00167,LV,Paid Social,2025-03-25
C00168,LV,Paid Social,2025-06-28
C00169,LT,Organic Search,2025-05-25
C00170,EE,CRM,2025-07-26
C00171,LV,Paid Social,2025-05-13
C00172,LV,Paid Search,2025-03-03
C00173,LV,Affiliate,2025-07-16
C00174,LV,Paid Social,2025-06-06
C00175,LV,Paid Search,2025-07-26
C00176,LT,Paid Search,2025-02-25
C00177,LV,Paid Search,2025-04-12
C00178,EE,Organic Search,2025-08-22
C00179,LT,Paid Social,2025-07-14
C00180,LV,CRM,2025-09-04
C00181,LV,Paid Social,2025-05-04
C00182,LV,Paid Social,2025-01-10
C00183,LV,Paid Search,2025-04-25
C00184,LV,Organic Search,2025-03-05
C00185,LT,Paid Social,2025-05-08
C00186,LT,Affiliate,2025-04-22
C00187,LT,Organic Search,2025-08-02
C00188,LV,CRM,2025-10-15
C00189,LV,Paid Social,2025-10-12
C00190,LT,Organic Search,2025-07-03
C00191,LV,Paid Search,2025-06-19
C00192,EE,Organic Search,2025-06-14
C00193,LV,Affiliate,2025-04-09
C00194,LV,CRM,2025-08-11
C00195,LT,Organic Search,2025-02-07
C00196,LV,Organic Search,2025-03-11
C00197,EE,CRM,2025-03-14
C00198,LV,Paid Search,2025-02-20
C00199,LV,Organic Search,2025-10-27
C00200,EE,Paid Social,2025-07-03
C00201,EE,Organic Search,2025-10-06
C00202,LT,Paid Social,2025-07-04
C00203,LV,Organic Search,2025-02-09
C00204,LV,Paid Search,2025-09-21
C00205,EE,Paid Search,2025-03-27
C00206,LV,CRM,2025-03-15
C00207,EE,CRM,2025-08-09
C00208,LV,Paid Search,2025-04-30
C00209,LV,Paid Social,2025-06-26
C00210,LV,Organic Search,2025-02-15
C00211,LT,Paid Social,2025-04-14
C00212,LT,Organic Search,2025-10-26
C00213,LT,Paid Social,2025-06-24
C00214,LV,Affiliate,2025-09-01
C00215,LV,CRM,2025-07-02
C00216,LT,Affiliate,2025-09-19
C00217,LV,Paid Search,2025-09-23
C00218,LV,Paid Social,2025-04-18
C00219,EE,Organic Search,2025-07-15
C00220,LV,Paid Search,2025-04-21
C00221,LV,Paid Social,2025-08-17
C00222,LT,Affiliate,2025-10-28
C00223,LV,Paid Social,2025-02-18
C00224,LV,CRM,2025-08-15
C00225,EE,Paid Social,2025-04-27
C00226,LV,Affiliate,2025-08-12
C00227,LV,CRM,2025-05-18
C00228,EE,Paid Social,2025-03-06
C00229,LT,Paid Search,2025-02-11
C00230,LV,Affiliate,2025-04-22
C00231,LT,Paid Social,2025-10-18
C00232,LV,Paid Search,2025-07-07
C00233,LT,Paid Social,2025-10-10
C00234,LV,Paid Social,2025-02-20
C00235,EE,CRM,2025-08-28
C00236,EE,Paid Search,2025-04-03
C00237,EE,Paid Social,2025-05-04
C00238,EE,Organic Search,2025-09-23
C00239,LV,Paid Social,2025-03-12
C00240,LT,Paid Search,2025-10-23
C00241,LT,Paid Search,2025-09-15
C00242,LT,Paid Social,2025-04-12
C00243,LV,Paid Social,2025-06-14
C00244,LV,CRM,2025-02-13
C00245,LT,Paid Search,2025-10-07
C00246,LV,CRM,2025-05-19
C00247,EE,Paid Social,2025-02-20
C00248,EE,Organic Search,2025-07-18
C00249,LV,Affiliate,2025-03-16
C00250,EE,Paid Social,2025-05-21
C00251,LT,Paid Social,2025-09-02
C00252,EE,Paid Search,2025-04-14
C00253,LT,Paid Social,2025-01-21
C00254,LV,Affiliate,2025-09-22
C00255,LV,Paid Social,2025-03-29
C00256,LV,Organic Search,2025-09-01
C00257,LV,Paid Social,2025-03-16
C00258,LT,CRM,2025-02-03
C00259,LT,Organic Search,2025-05-28
C00260,LT,Paid Search,2025-04-30
C00261,LV,Paid Social,2025-07-22
C00262,LT,Organic Search,2025-10-12
C00263,LT,Paid Social,2025-03-01
C00264,LV,Affiliate,2025-09-26
C00265,LT,Organic Search,2025-01-03
C00266,LT,Paid Search,2025-04-13
C00267,LV,Paid Social,2025-06-13
C00268,LV,Paid Search,2025-08-07
C00269,EE,CRM,2025-08-27
C00270,LV,Paid Social,2025-03-29
C00271,LV,Paid Search,2025-03-23
C00272,LT,Affiliate,2025-02-15
C00273,LV,Organic Search,2025-07-21
C00274,LV,Organic Search,2025-08-01
C00275,LV,Paid Search,2025-02-15
C00276,LT,Paid Social,2025-06-19
C00277,LT,Organic Search,2025-05-30
C00278,LT,CRM,2025-01-17
C00279,LV,CRM,2025-06-26
C00280,LV,Organic Search,2025-08-31
C00281,LV,Paid Search,2025-02-20
C00282,LT,CRM,2025-01-07
C00283,EE,Organic Search,2025-03-03
C00284,LT,Affiliate,2025-05-22
C00285,LV,Organic Search,2025-08-15
C00286,LV,CRM,2025-02-05
C00287,LT,Affiliate,2025-04-08
C00288,LT,Paid Search,2025-10-04
C00289,LT,Paid Social,2025-01-24
C00290,EE,Paid Search,2025-09-12
C00291,LT,Organic Search,2025-06-21
C00292,LT,Paid Search,2025-09-07
C00293,LV,Paid Search,2025-01-20
C00294,LT,CRM,2025-10-04
C00295,LV,Paid Social,2025-06-21
C00296,LT,Organic Search,2025-06-16
C00297,LV,Paid Social,2025-04-21
C00298,EE,Paid Social,2025-04-21
C00299,LV,Paid Search,2025-08-29
C00300,EE,Paid Social,2025-03-12
C00301,LT,Affiliate,2025-07-06
C00302,LV,Affiliate,2025-09-15
C00303,LV,Paid Search,2025-02-09
C00304,LV,Paid Social,2025-01-11
C00305,LV,Organic Search,2025-06-06
C00306,LT,Paid Social,2025-03-31
C00307,EE,Affiliate,2025-03-21
C00308,LT,Affiliate,2025-03-13
C00309,LT,CRM,2025-04-11
C00310,LV,Organic Search,2025-08-07
C00311,EE,Paid Social,2025-08-06
C00312,LV,CRM,2025-05-29
C00313,LT,Paid Social,2025-02-04
C00314,LV,Paid Social,2025-03-11
C00315,LT,Organic Search,2025-03-27
C00316,LV,Paid Social,2025-06-24
C00317,LV,Paid Social,2025-03-02
C00318,LV,Paid Social,2025-08-09
C00319,LT,Paid Search,2025-06-29
C00320,LT,Paid Search,2025-10-24
C00321,LV,Paid Search,2025-03-11
C00322,LV,Paid Social,2025-08-08
C00323,LV,Organic Search,2025-02-13
C00324,LV,CRM,2025-09-13
C00325,LV,Paid Social,2025-03-04
C00326,LV,Organic Search,2025-02-09
C00327,EE,Paid Search,2025-08-09
C00328,LT,Paid Social,2025-09-11
C00329,LV,Paid Social,2025-07-02
C00330,LV,Organic Search,2025-01-20
C00331,LV,Organic Search,2025-06-22
C00332,EE,Organic Search,2025-05-28
C00333,LV,CRM,2025-06-04
C00334,LT,Paid Social,2025-04-06
C00335,LV,Paid Search,2025-06-03
C00336,EE,Paid Social,2025-01-11
C00337,LV,Organic Search,2025-09-14
C00338,LV,Paid Social,2025-07-08
C00339,EE,Affiliate,2025-06-04
C00340,EE,Affiliate,2025-08-30
C00341,LT,Paid Search,2025-05-08
C00342,LV,Organic Search,2025-06-17
C00343,LV,Organic Search,2025-01-08
C00344,LV,CRM,2025-01-15
C00345,LT,CRM,2025-05-12
C00346,LV,Paid Social,2025-07-15
C00347,LV,Organic Search,2025-03-14
C00348,LT,Paid Social,2025-03-26
C00349,LV,Affiliate,2025-09-11
C00350,LV,Paid Search,2025-09-18
C00351,LV,Paid Social,2025-09-03
C00352,LV,Paid Search,2025-05-25
C00353,LV,Paid Search,2025-07-18
C00354,LV,Paid Social,2025-07-08
C00355,LV,Paid Social,2025-09-02
C00356,LT,Paid Social,2025-08-26
C00357,LV,CRM,2025-08-19
C00358,LV,CRM,2025-07-04
C00359,LV,Paid Search,2025-08-16
C00360,LT,Organic Search,2025-08-28
C00361,LT,Paid Social,2025-02-14
C00362,EE,Paid Social,2025-03-23
C00363,LT,CRM,2025-10-13
C00364,LT,Organic Search,2025-02-22
C00365,LT,Paid Search,2025-09-29
C00366,LT,Paid Social,2025-02-05
C00367,EE,Affiliate,2025-09-24
C00368,LV,CRM,2025-08-05
C00369,LT,Paid Social,2025-01-17
C00370,LV,CRM,2025-09-08
C00371,LT,Paid Social,2025-08-19
C00372,EE,Affiliate,2025-05-23
C00373,EE,Organic Search,2025-09-01
C00374,LV,Organic Search,2025-06-14
C00375,LV,Paid Search,2025-02-15
C00376,LV,Paid Social,2025-07-12
C00377,EE,Organic Search,2025-01-22
C00378,EE,CRM,2025-04-19
C00379,LV,Paid Social,2025-06-18
C00380,LT,Organic Search,2025-02-09
C00381,LV,Paid Social,2025-04-09
C00382,EE,Paid Search,2025-09-10
C00383,EE,Paid Social,2025-07-28
C00384,LV,Affiliate,2025-01-13
C00385,LV,Paid Social,2025-08-08
C00386,LT,Paid Search,2025-06-09
C00387,LV,Paid Social,2025-10-14
C00388,LT,Affiliate,2025-04-25
C00389,LV,Paid Social,2025-04-23
C00390,EE,Paid Search,2025-03-15
C00391,LT,Paid Social,2025-06-14
C00392,LV,Affiliate,2025-10-20
C00393,LV,Paid Social,2025-07-29
C00394,LT,Affiliate,2025-02-20
C00395,LV,Organic Search,2025-03-12
C00396,LV,Organic Search,2025-04-01
C00397,LV,Paid Search,2025-06-17
C00398,LT,Paid Social,2025-08-22
C00399,EE,Paid Search,2025-10-19
C00400,LV,CRM,2025-03-04
C00401,LV,Paid Search,2025-04-09
C00402,LT,Paid Search,2025-04-19
C00403,LV,Paid Search,2025-06-16
C00404,LT,Affiliate,2025-05-08
C00405,LV,Paid Search,2025-05-08
C00406,LT,CRM,2025-09-04
C00407,LV,Paid Social,2025-10-15
C00408,EE,Affiliate,2025-07-11
C00409,EE,CRM,2025-06-28
C00410,LT,Organic Search,2025-05-14
C00411,LT,Affiliate,2025-02-15
C00412,LV,Paid Search,2025-08-02
C00413,LV,CRM,2025-04-09
C00414,LV,Paid Search,2025-05-01
C00415,EE,Paid Social,2025-06-22
C00416,EE,CRM,2025-02-21
C00417,LT,Organic Search,2025-01-02
C00418,LT,Paid Social,2025-07-15
C00419,LT,Paid Search,2025-07-08
C00420,LT,Organic Search,2025-04-24
C00421,LT,CRM,2025-01-18
C00422,EE,CRM,2025-06-03
C00423,LT,Paid Social,2025-02-15
C00424,LV,Paid Search,2025-06-16
C00425,LT,Paid Search,2025-03-02
C00426,EE,Paid Search,2025-03-05
C00427,LV,Paid Social,2025-06-10
C00428,EE,Organic Search,2025-04-21
C00429,LT,Organic Search,2025-09-19
C00430,LV,Paid Search,2025-03-05
C00431,LV,CRM,2025-09-30
C00432,LV,Paid Social,2025-04-28
C00433,LV,Paid Social,2025-09-10
C00434,LV,Paid Social,2025-03-10
C00435,LV,Paid Search,2025-10-19
C00436,LT,Paid Social,2025-07-01
C00437,LV,CRM,2025-05-09
C00438,LV,Paid Social,2025-08-11
C00439,LV,Paid Social,2025-09-11
C00440,LV,Paid Social,2025-09-06
C00441,LV,Organic Search,2025-02-22
C00442,LV,Paid Social,2025-09-19
C00443,LV,Paid Social,2025-02-21
C00444,LT,Paid Social,2025-09-28
C00445,LV,Paid Social,2025-02-20
C00446,EE,CRM,2025-10-14
C00447,LV,Organic Search,2025-04-16
C00448,LT,Organic Search,2025-03-29
C00449,EE,Paid Search,2025-03-01
C00450,LT,Paid Search,2025-07-02
C00451,EE,Paid Search,2025-05-18
C00452,LV,Paid Social,2025-04-03
C00453,EE,Affiliate,2025-02-21
C00454,LT,CRM,2025-02-13
C00455,LV,Paid Social,2025-09-19
C00456,LV,Affiliate,2025-02-13
C00457,LT,Paid Search,2025-03-17
C00458,LV,Paid Social,2025-06-13
C00459,LV,Organic Search,2025-08-04
C00460,EE,Affiliate,2025-01-31
C00461,LV,Paid Search,2025-03-13
C00462,LV,Paid Search,2025-02-17
C00463,EE,Paid Social,2025-06-10
C00464,LV,Organic Search,2025-02-03
C00465,LV,Paid Social,2025-06-08
C00466,LT,CRM,2025-01-13
C00467,LV,Organic Search,2025-07-18
C00468,LT,Paid Social,2025-03-28
C00469,LT,Organic Search,2025-05-06
C00470,LV,Paid Social,2025-06-12
C00471,LV,Paid Search,2025-07-14
C00472,LV,CRM,2025-08-20
C00473,LV,Affiliate,2025-03-17
C00474,LV,CRM,2025-04-07
C00475,LV,Affiliate,2025-09-15
C00476,LT,Organic Search,2025-02-20
C00477,LV,Organic Search,2025-03-20
C00478,LV,Organic Search,2025-04-24
C00479,LV,Affiliate,2025-03-04
C00480,LV,Affiliate,2025-02-09
C00481,EE,Affiliate,2025-09-05
C00482,EE,Paid Social,2025-07-21
C00483,LV,Organic Search,2025-07-11
C00484,LV,Organic Search,2025-09-27
C00485,EE,Paid Social,2025-05-21
C00486,EE,Paid Social,2025-07-26
C00487,LT,Paid Search,2025-06-02
C00488,EE,CRM,2025-05-13
C00489,LV,CRM,2025-05-05
C00490,EE,CRM,2025-09-20
C00491,LV,Paid Social,2025-05-17
C00492,LV,Paid Social,2025-02-20
C00493,LV,Paid Search,2025-01-19
C00494,LT,Paid Search,2025-04-15
C00495,LV,Paid Social,2025-08-22
C00496,LT,Affiliate,2025-10-26
C00497,EE,Paid Social,2025-09-09
C00498,LT,Organic Search,2025-08-09
C00499,EE,CRM,2025-03-31
C00500,LT,Organic Search,2025-06-27
C00501,LV,CRM,2025-01-08
C00502,LT,Paid Social,2025-10-15
C00503,LV,Organic Search,2025-07-17
C00504,LV,Paid Social,2025-04-13
C00505,LT,Paid Social,2025-07-03
C00506,LT,Paid Social,2025-10-06
C00507,LT,Paid Social,2025-10-15
C00508,LV,Affiliate,2025-06-03
C00509,LV,Paid Search,2025-03-14
C00510,LV,Paid Social,2025-08-16
C00511,LT,Paid Search,2025-03-19
C00512,LV,Paid Social,2025-04-03
C00513,LV,Organic Search,2025-09-13
C00514,LV,CRM,2025-01-03
C00515,LT,Organic Search,2025-03-12
C00516,EE,Paid Search,2025-10-22
C00517,LV,Paid Search,2025-06-21
C00518,LV,Paid Social,2025-04-27
C00519,LT,Organic Search,2025-03-01
C00520,LV,CRM,2025-10-02
C00521,LT,CRM,2025-07-02
C00522,LT,CRM,2025-07-16
C00523,EE,Affiliate,2025-04-21
C00524,LV,Affiliate,2025-05-02
C00525,LV,Organic Search,2025-01-07
C00526,LV,Organic Search,2025-02-10
C00527,LV,Organic Search,2025-01-26
C00528,LT,Paid Search,2025-05-01
C00529,LT,CRM,2025-03-15
C00530,LV,Paid Search,2025-06-10
C00531,EE,Affiliate,2025-04-25
C00532,EE,Paid Social,2025-05-05
C00533,LV,Paid Social,2025-07-05
C00534,LT,Paid Social,2025-03-02
C00535,LT,Organic Search,2025-08-29
C00536,EE,Paid Search,2025-07-01
C00537,LV,Paid Search,2025-05-21
C00538,LV,Affiliate,2025-10-04
C00539,EE,Paid Social,2025-02-26
C00540,LT,Paid Social,2025-09-17
C00541,LV,Organic Search,2025-01-19
C00542,LV,Paid Social,2025-05-07
C00543,LT,Paid Search,2025-05-18
C00544,LV,Paid Search,2025-09-06
C00545,LT,Organic Search,2025-01-26
C00546,EE,Paid Search,2025-01-11
C00547,LV,CRM,2025-10-05
C00548,LT,Affiliate,2025-10-01
C00549,LV,Paid Search,2025-07-09
C00550,LV,CRM,2025-09-25
C00551,EE,Paid Social,2025-02-09
C00552,LT,Organic Search,2025-03-13
C00553,LV,Organic Search,2025-08-31
C00554,LT,Paid Search,2025-10-14
C00555,LV,Organic Search,2025-05-22
C00556,LT,Paid Search,2025-10-14
C00557,LV,Paid Search,2025-03-20
C00558,LT,Affiliate,2025-07-26
C00559,LT,Paid Social,2025-01-02
C00560,LT,CRM,2025-04-22
C00561,LV,Paid Social,2025-07-06
C00562,LV,CRM,2025-05-28
C00563,LV,Paid Social,2025-06-15
C00564,LV,Affiliate,2025-04-06
C00565,LV,Paid Social,2025-01-28
C00566,LT,Paid Search,2025-03-07
C00567,LV,Organic Search,2025-05-01
C00568,LV,Paid Search,2025-07-16
C00569,LT,Paid Search,2025-07-25
C00570,LV,Paid Search,2025-08-06
C00571,LV,Paid Search,2025-09-08
C00572,LV,Paid Search,2025-02-27
C00573,LV,Paid Social,2025-05-05
C00574,LT,CRM,2025-02-10
C00575,LV,Paid Search,2025-06-16
C00576,LV,Paid Social,2025-08-16
C00577,LV,CRM,2025-09-29
C00578,LT,Paid Social,2025-09-09
C00579,EE,Paid Social,2025-01-15
C00580,EE,Paid Search,2025-07-19
C00581,LV,Paid Search,2025-10-23
C00582,LV,Affiliate,2025-01-04
C00583,LV,Affiliate,2025-08-14
C00584,LV,Paid Search,2025-09-05
C00585,LT,Organic Search,2025-03-13
C00586,LT,Paid Search,2025-03-07
C00587,LV,Affiliate,2025-06-26
C00588,LV,Affiliate,2025-06-25
C00589,LT,Paid Social,2025-01-17
C00590,LT,Paid Search,2025-05-06
C00591,LV,Paid Search,2025-10-27
C00592,LT,Organic Search,2025-08-22
C00593,LV,Organic Search,2025-06-16
C00594,EE,Paid Search,2025-05-05
C00595,LV,Paid Search,2025-06-25
C00596,LT,Organic Search,2025-10-15
C00597,EE,Paid Social,2025-08-17
C00598,EE,Affiliate,2025-06-17
C00599,LT,Paid Search,2025-10-22
C00600,LV,Paid Social,2025-05-13
C00601,EE,Organic Search,2025-04-14
C00602,LV,CRM,2025-04-17
C00603,LV,Paid Search,2025-09-08
C00604,EE,Organic Search,2025-04-28
C00605,EE,Organic Search,2025-02-19
C00606,LV,Organic Search,2025-05-08
C00607,LT,CRM,2025-01-25
C00608,LT,Paid Search,2025-07-07
C00609,EE,Affiliate,2025-04-04
C00610,LT,Organic Search,2025-01-25
C00611,EE,Paid Social,2025-03-11
C00612,LT,Paid Search,2025-05-05
C00613,LV,CRM,2025-03-19
C00614,EE,Organic Search,2025-08-21
C00615,LV,Paid Search,2025-09-07
C00616,LV,CRM,2025-07-02
C00617,LT,CRM,2025-07-15
C00618,EE,Organic Search,2025-01-21
C00619,LV,Affiliate,2025-01-15
C00620,EE,Paid Social,2025-10-03
C00621,EE,Organic Search,2025-10-14
C00622,LV,Paid Social,2025-07-01
C00623,LT,Paid Social,2025-09-11
C00624,EE,Paid Social,2025-10-10
C00625,EE,CRM,2025-04-25
C00626,LV,Organic Search,2025-02-02
C00627,LV,Organic Search,2025-10-28
C00628,EE,CRM,2025-04-02
C00629,LV,Organic Search,2025-10-13
C00630,EE,Paid Search,2025-09-13
C00631,LT,CRM,2025-08-16
C00632,EE,Paid Social,2025-03-21
C00633,LV,Paid Search,2025-10-28
C00634,EE,Organic Search,2025-02-07
C00635,LT,Paid Search,2025-08-05
C00636,LV,Paid Search,2025-03-23
C00637,LT,Paid Social,2025-01-22
C00638,EE,Paid Social,2025-04-13
C00639,LV,Organic Search,2025-03-28
C00640,LV,Organic Search,2025-08-19
C00641,LV,Paid Social,2025-07-18
C00642,EE,Organic Search,2025-07-29
C00643,EE,Paid Social,2025-08-15
C00644,LV,CRM,2025-03-08
C00645,LT,Paid Social,2025-08-17
C00646,LT,Paid Social,2025-05-08
C00647,LV,Affiliate,2025-04-11
C00648,LV,Affiliate,2025-01-06
C00649,LV,Paid Social,2025-02-13
C00650,LT,Paid Social,2025-02-24
C00651,LV,Organic Search,2025-07-18
C00652,LV,Affiliate,2025-05-15
C00653,LT,Organic Search,2025-07-31
C00654,LV,Paid Social,2025-01-31
C00655,LT,Organic Search,2025-02-03
C00656,LT,Paid Social,2025-08-25
C00657,EE,CRM,2025-07-15
C00658,EE,Affiliate,2025-05-24
C00659,EE,Paid Social,2025-02-18
C00660,LV,CRM,2025-08-31
C00661,EE,Organic Search,2025-03-03
C00662,LV,Paid Search,2025-01-13
C00663,LV,Paid Search,2025-08-21
C00664,LT,Organic Search,2025-07-22
C00665,LV,Organic Search,2025-05-01
C00666,LT,Organic Search,2025-02-15
C00667,LT,Organic Search,2025-01-10
C00668,LT,Paid Social,2025-03-26
C00669,LT,Paid Search,2025-04-11
C00670,LV,Organic Search,2025-06-02
C00671,LV,Paid Search,2025-01-01
C00672,LV,Organic Search,2025-09-03
C00673,LT,Affiliate,2025-05-24
C00674,LV,Paid Social,2025-03-25
C00675,EE,CRM,2025-09-11
C00676,EE,CRM,2025-07-22
C00677,LT,Organic Search,2025-06-21
C00678,LV,Organic Search,2025-03-21
C00679,LV,Paid Social,2025-09-02
C00680,EE,Organic Search,2025-01-14
C00681,LV,Paid Social,2025-08-29
C00682,LV,Paid Search,2025-05-21
C00683,LT,CRM,2025-04-01
C00684,LT,Paid Search,2025-08-31
C00685,EE,CRM,2025-03-03
C00686,LV,Paid Search,2025-04-14
C00687,LV,CRM,2025-06-13
C00688,LT,CRM,2025-03-22
C00689,LV,Paid Social,2025-06-24
C00690,LV,Paid Search,2025-09-08
C00691,LV,Paid Social,2025-05-19
C00692,LV,Paid Search,2025-02-25
C00693,LV,Organic Search,2025-05-22
C00694,LV,Affiliate,2025-07-16
C00695,LV,Paid Search,2025-03-30
C00696,LV,Paid Social,2025-04-22
C00697,LT,Paid Search,2025-01-12
C00698,LV,Paid Search,2025-10-27
C00699,LV,Paid Search,2025-01-27
C00700,EE,Paid Search,2025-02-09
C00701,LV,Paid Search,2025-05-20
C00702,LT,Paid Social,2025-05-06
C00703,LT,CRM,2025-09-26
C00704,LV,Paid Search,2025-02-07
C00705,EE,Affiliate,2025-05-10
C00706,LV,Paid Social,2025-07-17
C00707,LV,CRM,2025-08-24
C00708,LT,Organic Search,2025-10-17
C00709,LV,Paid Search,2025-06-05
C00710,LV,Paid Search,2025-09-05
C00711,EE,CRM,2025-05-06
C00712,LT,CRM,2025-04-23
C00713,EE,Paid Social,2025-04-20
C00714,LT,Paid Social,2025-02-17
C00715,LV,Paid Social,2025-05-14
C00716,LV,Organic Search,2025-07-25
C00717,LT,Paid Search,2025-02-25
C00718,LV,Affiliate,2025-01-21
C00719,LV,CRM,2025-08-26
C00720,EE,Organic Search,2025-06-18
C00721,LV,Paid Social,2025-05-12
C00722,LV,CRM,2025-05-19
C00723,LT,Paid Social,2025-06-14
C00724,EE,CRM,2025-02-13
C00725,LT,Paid Search,2025-06-12
C00726,EE,Affiliate,2025-07-06
C00727,LV,Paid Search,2025-05-16
C00728,LV,CRM,2025-02-17
C00729,LT,Paid Search,2025-04-22
C00730,LV,Organic Search,2025-10-24
C00731,LT,CRM,2025-10-25
C00732,LT,Organic Search,2025-02-26
C00733,LV,Paid Search,2025-05-28
C00734,LV,Organic Search,2025-05-22
C00735,LT,Affiliate,2025-01-02
C00736,LT,Paid Social,2025-05-20
C00737,LV,Paid Search,2025-06-20
C00738,LV,Affiliate,2025-10-08
C00739,EE,Paid Search,2025-05-02
C00740,EE,Paid Social,2025-08-07
C00741,LV,Paid Search,2025-01-24
C00742,LV,Paid Search,2025-03-31
C00743,LV,Organic Search,2025-01-11
C00744,LT,Paid Social,2025-10-25
C00745,LV,Organic Search,2025-06-23
C00746,LT,Organic Search,2025-02-06
C00747,LT,CRM,2025-01-13
C00748,LT,CRM,2025-06-10
C00749,LV,Paid Social,2025-09-29
C00750,LT,Organic Search,2025-01-21
C00751,LV,CRM,2025-04-01
C00752,LV,Paid Search,2025-05-05
C00753,LV,Paid Social,2025-05-24
C00754,LV,Affiliate,2025-04-17
C00755,LV,Paid Search,2025-01-14
C00756,LT,Paid Search,2025-03-07
C00757,EE,CRM,2025-07-17
C00758,LV,Paid Search,2025-09-06
C00759,LT,Affiliate,2025-04-10
C00760,LT,Paid Social,2025-01-10
C00761,EE,Organic Search,2025-03-26
C00762,LV,Organic Search,2025-03-16
C00763,LT,CRM,2025-04-10
C00764,LV,CRM,2025-10-06
C00765,EE,CRM,2025-05-09
C00766,EE,Paid Social,2025-01-29
C00767,LT,Organic Search,2025-01-26
C00768,EE,Affiliate,2025-03-24
C00769,LV,Paid Search,2025-03-09
C00770,LT,Affiliate,2025-02-18
C00771,LT,Paid Search,2025-04-06
C00772,LT,Paid Social,2025-09-09
C00773,LV,Affiliate,2025-03-02
C00774,LV,CRM,2025-04-03
C00775,LT,CRM,2025-09-25
C00776,LT,Organic Search,2025-05-09
C00777,EE,CRM,2025-01-19
C00778,LV,Paid Search,2025-10-22
C00779,LT,Organic Search,2025-10-19
C00780,LT,Paid Search,2025-06-30
C00781,EE,Paid Social,2025-03-27
C00782,EE,Paid Search,2025-09-04
C00783,EE,Paid Social,2025-09-26
C00784,EE,CRM,2025-01-19
C00785,LV,CRM,2025-03-12
C00786,LT,Paid Social,2025-05-28
C00787,EE,Paid Social,2025-04-28
C00788,LT,Organic Search,2025-08-06
C00789,LV,Affiliate,2025-08-14
C00790,LV,Organic Search,2025-01-04
C00791,LV,CRM,2025-07-05
C00792,LV,Paid Social,2025-04-21
C00793,LT,Affiliate,2025-02-21
C00794,LT,Affiliate,2025-04-23
C00795,EE,Organic Search,2025-10-26
C00796,LT,Paid Search,2025-06-17
C00797,LT,Paid Search,2025-01-23
C00798,LT,CRM,2025-07-10
C00799,LV,CRM,2025-04-18
C00800,LV,CRM,2025-03-13
C00801,LV,CRM,2025-09-28
C00802,LT,Organic Search,2025-09-26
C00803,EE,Paid Social,2025-07-14
C00804,LV,CRM,2025-03-08
C00805,LT,Paid Social,2025-10-13
C00806,LT,Affiliate,2025-02-24
C00807,LV,Paid Social,2025-07-27
C00808,LV,Paid Social,2025-02-16
C00809,LT,Paid Social,2025-04-11
C00810,LV,Paid Social,2025-02-28
C00811,LV,Paid Search,2025-04-12
C00812,LV,Paid Search,2025-09-03
C00813,LT,Affiliate,2025-08-17
C00814,LV,Affiliate,2025-10-07
C00815,LV,Paid Search,2025-03-30
C00816,LV,Paid Social,2025-02-13
C00817,LV,Paid Social,2025-02-24
C00818,LV,Paid Search,2025-06-23
C00819,LV,Paid Social,2025-09-14
C00820,LV,Paid Search,2025-02-27
C00821,LV,Paid Social,2025-01-01
C00822,LV,Paid Search,2025-02-19
C00823,EE,Affiliate,2025-02-03
C00824,LT,Affiliate,2025-07-12
C00825,LV,Paid Search,2025-02-10
C00826,LV,Organic Search,2025-06-17
C00827,EE,Organic Search,2025-05-21
C00828,LV,Paid Social,2025-01-15
C00829,LV,Paid Social,2025-06-21
C00830,LV,Affiliate,2025-08-31
C00831,LT,Paid Social,2025-07-18
C00832,LV,Paid Social,2025-03-28
C00833,LV,Organic Search,2025-08-08
C00834,LV,Organic Search,2025-08-18
C00835,LT,Organic Search,2025-03-27
C00836,EE,Paid Search,2025-07-18
C00837,LV,CRM,2025-02-24
C00838,EE,Organic Search,2025-08-06
C00839,LT,Paid Search,2025-10-08
C00840,LT,Paid Search,2025-09-19
C00841,EE,Affiliate,2025-07-14
C00842,LV,Paid Search,2025-02-16
C00843,LV,Organic Search,2025-01-08
C00844,LV,Paid Social,2025-08-08
C00845,LV,Affiliate,2025-09-25
C00846,LT,Paid Social,2025-09-19
C00847,LV,Organic Search,2025-07-26
C00848,LV,Paid Search,2025-03-11
C00849,LT,Affiliate,2025-09-22
C00850,LV,Organic Search,2025-01-01
C00851,LT,Paid Search,2025-09-05
C00852,LT,Organic Search,2025-07-31
C00853,LV,Paid Social,2025-10-15
C00854,LV,Paid Search,2025-05-20
C00855,LV,Affiliate,2025-01-10
C00856,EE,Affiliate,2025-02-12
C00857,EE,Organic Search,2025-05-13
C00858,EE,Organic Search,2025-07-07
C00859,LV,Organic Search,2025-02-18
C00860,LV,Organic Search,2025-07-11
C00861,LV,CRM,2025-01-17
C00862,EE,Paid Social,2025-08-22
C00863,LV,Paid Social,2025-04-29
C00864,LV,Affiliate,2025-03-05
C00865,LV,Organic Search,2025-06-10
C00866,LT,CRM,2025-04-21
C00867,EE,Organic Search,2025-09-21
C00868,LV,Paid Search,2025-05-23
C00869,LT,Organic Search,2025-01-07
C00870,LV,Organic Search,2025-01-22
C00871,LV,Paid Social,2025-01-21
C00872,LV,Organic Search,2025-07-08
C00873,LV,Paid Social,2025-09-20
C00874,EE,Organic Search,2025-10-20
C00875,LV,Organic Search,2025-07-07
C00876,LV,Affiliate,2025-03-06
C00877,LT,CRM,2025-04-05
C00878,LT,Organic Search,2025-05-07
C00879,EE,Paid Search,2025-03-03
C00880,LV,CRM,2025-09-13
C00881,LV,Paid Social,2025-08-20
C00882,EE,CRM,2025-10-02
C00883,LV,Paid Social,2025-04-10
C00884,EE,Affiliate,2025-04-12
C00885,LT,Paid Social,2025-07-11
C00886,LV,Paid Search,2025-09-12
C00887,EE,Paid Social,2025-08-11
C00888,LT,Paid Social,2025-01-30
C00889,LV,Organic Search,2025-09-30
C00890,LT,Organic Search,2025-06-15
C00891,LV,Paid Social,2025-05-22
C00892,LT,Paid Search,2025-06-14
C00893,LV,CRM,2025-09-12
C00894,LV,Organic Search,2025-09-25
C00895,LT,Paid Search,2025-06-23
C00896,LV,Paid Search,2025-01-24
C00897,LV,Paid Social,2025-10-15
C00898,LV,Paid Search,2025-06-27
C00899,LT,Affiliate,2025-08-14
C00900,LV,Paid Social,2025-03-24
C00901,LT,Paid Social,2025-05-25
C00902,LT,CRM,2025-06-06
C00903,LT,Paid Search,2025-10-22
C00904,LV,Organic Search,2025-07-31
C00905,LT,Paid Search,2025-01-28
C00906,EE,Paid Search,2025-10-21
C00907,EE,Paid Search,2025-08-23
C00908,LT,Organic Search,2025-01-15
C00909,LT,Affiliate,2025-08-13
C00910,LV,Paid Search,2025-03-20
C00911,LV,Paid Social,2025-09-02
C00912,EE,CRM,2025-10-12
C00913,EE,CRM,2025-05-13
C00914,LV,CRM,2025-02-02
C00915,EE,Paid Social,2025-04-07
C00916,EE,Organic Search,2025-01-26
C00917,LT,Paid Search,2025-10-13
C00918,EE,Paid Search,2025-04-10
C00919,LT,CRM,2025-04-08
C00920,LV,Paid Social,2025-02-06
C00921,LV,Organic Search,2025-06-01
C00922,LV,Organic Search,2025-04-01
C00923,LV,Paid Social,2025-10-19
C00924,LT,Paid Search,2025-09-06
C00925,LT,Paid Search,2025-07-01
C00926,LT,Paid Social,2025-08-23
C00927,LV,Paid Social,2025-05-07
C00928,LT,CRM,2025-04-25
C00929,LV,Affiliate,2025-09-10
C00930,LV,Paid Social,2025-07-29
C00931,LT,Paid Search,2025-01-09
C00932,EE,Paid Social,2025-10-27
C00933,LV,Paid Search,2025-08-23
C00934,LV,CRM,2025-10-21
C00935,LV,Organic Search,2025-07-19
C00936,LT,Organic Search,2025-03-24
C00937,LV,Paid Social,2025-06-25
C00938,LV,Paid Social,2025-06-16
C00939,LV,Paid Social,2025-02-22
C00940,EE,CRM,2025-05-02
C00941,LV,Organic Search,2025-06-01
C00942,LV,Paid Social,2025-01-16
C00943,LV,Paid Search,2025-08-31
C00944,LV,Paid Search,2025-06-06
C00945,LV,Organic Search,2025-04-07
C00946,LV,Organic Search,2025-05-12
C00947,LT,Affiliate,2025-08-23
C00948,LV,Paid Search,2025-10-26
C00949,EE,Paid Social,2025-06-18
C00950,LT,Organic Search,2025-09-09
C00951,LV,CRM,2025-03-04
C00952,LV,Paid Search,2025-03-11
C00953,LT,Paid Social,2025-07-25
C00954,LV,Affiliate,2025-08-19
C00955,LV,Paid Social,2025-07-21
C00956,LV,Paid Search,2025-07-11
C00957,EE,CRM,2025-10-03
C00958,LT,Paid Search,2025-08-29
C00959,LV,Paid Search,2025-01-07
C00960,LV,Paid Search,2025-05-18
C00961,LT,Organic Search,2025-08-27
C00962,LT,Paid Search,2025-01-08
C00963,LT,Paid Search,2025-07-15
C00964,LV,CRM,2025-03-11
C00965,LV,Affiliate,2025-10-16
C00966,LV,Paid Social,2025-02-27
C00967,LV,Paid Search,2025-02-24
C00968,LV,Organic Search,2025-09-21
C00969,LV,Organic Search,2025-09-28
C00970,LV,Organic Search,2025-01-03
C00971,LV,CRM,2025-03-19
C00972,EE,CRM,2025-05-06
C00973,LT,CRM,2025-01-01
C00974,LV,Paid Search,2025-04-24
C00975,LV,Paid Search,2025-08-03
C00976,LV,CRM,2025-06-06
C00977,LT,Paid Search,2025-06-12
C00978,EE,Paid Social,2025-10-07
C00979,EE,Paid Social,2025-10-17
C00980,LT,Affiliate,2025-03-19
C00981,EE,Organic Search,2025-02-15
C00982,EE,Paid Social,2025-01-10
C00983,LV,CRM,2025-05-07
C00984,LT,Organic Search,2025-08-27
C00985,LV,Affiliate,2025-06-24
C00986,LV,CRM,2025-01-29
C00987,EE,Paid Search,2025-05-27
C00988,LV,Paid Social,2025-04-06
C00989,LV,Paid Social,2025-07-02
C00990,LV,Paid Search,2025-01-05
C00991,LT,CRM,2025-10-23
C00992,LV,Paid Search,2025-02-06
C00993,LV,Organic Search,2025-02-17
C00994,EE,Paid Search,2025-08-30
C00995,EE,Paid Search,2025-07-10
C00996,LT,Paid Social,2025-01-19
C00997,LT,CRM,2025-04-21
C00998,LT,Organic Search,2025-07-16
C00999,LV,Paid Social,2025-03-11
C01000,LV,Organic Search,2025-07-03
C01001,LV,Organic Search,2025-02-12
C01002,LV,Paid Search,2025-09-09
C01003,LV,Paid Search,2025-08-06
C01004,EE,Paid Social,2025-04-25
C01005,LT,Paid Search,2025-08-25
C01006,EE,Organic Search,2025-06-05
C01007,LV,Paid Social,2025-07-06
C01008,LV,Paid Search,2025-04-16
C01009,EE,Paid Social,2025-01-18
C01010,EE,Paid Social,2025-05-07
C01011,LT,Paid Search,2025-10-24
C01012,LV,Paid Social,2025-07-10
C01013,LT,Paid Search,2025-08-17
C01014,LV,Paid Search,2025-03-14
C01015,LV,Paid Search,2025-03-13
C01016,EE,Paid Search,2025-02-17
C01017,LV,Organic Search,2025-09-10
C01018,EE,Affiliate,2025-03-26
C01019,EE,Organic Search,2025-06-14
C01020,EE,Paid Search,2025-02-24
C01021,EE,Organic Search,2025-02-16
C01022,LV,CRM,2025-10-22
C01023,LV,Paid Search,2025-09-28
C01024,EE,CRM,2025-07-20
C01025,EE,Organic Search,2025-04-16
C01026,LV,Paid Search,2025-05-17
C01027,EE,CRM,2025-07-09
C01028,LV,Paid Social,2025-05-23
C01029,EE,Organic Search,2025-02-18
C01030,EE,Paid Search,2025-08-01
C01031,LT,Paid Social,2025-08-06
C01032,LV,Paid Search,2025-07-30
C01033,LT,Organic Search,2025-01-12
C01034,LT,Paid Social,2025-06-15
C01035,LV,Paid Social,2025-04-02
C01036,LT,Paid Search,2025-01-28
C01037,LV,Organic Search,2025-05-10
C01038,EE,CRM,2025-06-17
C01039,EE,Paid Search,2025-08-30
C01040,LV,Affiliate,2025-05-16
C01041,EE,Paid Search,2025-01-06
C01042,LV,Paid Social,2025-08-18
C01043,LT,CRM,2025-07-08
C01044,LT,Organic Search,2025-09-06
C01045,LV,Organic Search,2025-05-07
C01046,LT,Organic Search,2025-08-27
C01047,LV,Affiliate,2025-02-22
C01048,LV,Organic Search,2025-05-06
C01049,LV,Paid Search,2025-04-10
C01050,LT,CRM,2025-04-02
C01051,LV,Paid Social,2025-04-09
C01052,LV,Paid Social,2025-01-10
C01053,LT,CRM,2025-09-07
C01054,EE,Paid Search,2025-04-13
C01055,LV,Organic Search,2025-08-29
C01056,LV,CRM,2025-07-18
C01057,LV,Paid Search,2025-04-13
C01058,EE,Affiliate,2025-03-12
C01059,LV,Paid Social,2025-04-19
C01060,LT,Paid Search,2025-07-28
C01061,LT,Affiliate,2025-07-27
C01062,LV,CRM,2025-06-11
C01063,LT,Affiliate,2025-07-07
C01064,LT,Affiliate,2025-10-22
C01065,LT,Paid Social,2025-10-14
C01066,LT,Paid Search,2025-01-04
C01067,LV,CRM,2025-07-22
C01068,LV,Affiliate,2025-06-15
C01069,EE,CRM,2025-03-19
C01070,LV,Paid Social,2025-07-10
C01071,LT,CRM,2025-07-26
C01072,LV,Paid Search,2025-04-24
C01073,LT,Paid Social,2025-02-09
C01074,LT,Affiliate,2025-07-24
C01075,LT,CRM,2025-09-29
C01076,LV,Paid Search,2025-06-02
C01077,LT,CRM,2025-10-22
C01078,EE,Organic Search,2025-01-10
C01079,LT,Paid Search,2025-08-06
C01080,LT,Paid Social,2025-05-24
C01081,EE,Paid Search,2025-02-14
C01082,LT,Paid Social,2025-10-08
C01083,EE,Affiliate,2025-04-27
C01084,EE,Affiliate,2025-10-25
C01085,EE,CRM,2025-08-25
C01086,EE,Paid Search,2025-05-15
C01087,LT,Paid Search,2025-01-15
C01088,EE,Paid Search,2025-10-28
C01089,LT,Paid Social,2025-01-24
C01090,LV,Organic Search,2025-01-07
C01091,LT,Organic Search,2025-05-24
C01092,EE,Affiliate,2025-06-15
C01093,LV,Paid Social,2025-07-30
C01094,LT,Paid Search,2025-02-15
C01095,LT,Organic Search,2025-05-11
C01096,LV,Paid Search,2025-10-21
C01097,EE,Paid Search,2025-02-18
C01098,LT,Paid Search,2025-05-11
C01099,LT,Organic Search,2025-07-16
C01100,LV,Organic Search,2025-04-23
C01101,EE,Organic Search,2025-06-17
C01102,LV,Paid Social,2025-07-04
C01103,LT,Organic Search,2025-06-21
C01104,LV,CRM,2025-10-08
C01105,LV,Organic Search,2025-10-02
C01106,LV,Paid Social,2025-10-25
C01107,LT,CRM,2025-09-15
C01108,LT,Paid Search,2025-02-23
C01109,LT,Affiliate,2025-03-12
C01110,LV,Affiliate,2025-07-25
C01111,LV,Paid Social,2025-01-15
C01112,LV,Organic Search,2025-07-06
C01113,LV,Paid Social,2025-06-02
C01114,LV,CRM,2025-08-31
C01115,EE,Paid Social,2025-05-07
C01116,LV,Organic Search,2025-07-28
C01117,LV,Paid Social,2025-02-11
C01118,LV,Paid Social,2025-08-08
C01119,LV,Paid Social,2025-04-25
C01120,LV,Paid Social,2025-08-30
C01121,LT,Organic Search,2025-03-02
C01122,EE,CRM,2025-03-26
C01123,LV,Paid Social,2025-10-21
C01124,LV,Organic Search,2025-07-30
C01125,LV,Affiliate,2025-08-03
C01126,LT,Paid Search,2025-06-09
C01127,LV,Paid Search,2025-03-21
C01128,LV,Paid Search,2025-06-21
C01129,EE,Paid Search,2025-09-12
C01130,LV,Paid Social,2025-07-25
C01131,LV,Paid Search,2025-01-05
C01132,EE,Paid Search,2025-09-20
C01133,LT,Paid Search,2025-07-28
C01134,LV,Organic Search,2025-08-30
C01135,LV,Affiliate,2025-02-22
C01136,LT,Paid Search,2025-08-26
C01137,LV,Paid Search,2025-06-20
C01138,LV,Affiliate,2025-05-03
C01139,LT,Paid Social,2025-03-20
C01140,LV,Affiliate,2025-02-12
C01141,LT,Paid Search,2025-07-24
C01142,LT,Paid Social,2025-06-19
C01143,LV,Paid Social,2025-07-13
C01144,EE,Paid Social,2025-10-03
C01145,EE,Paid Social,2025-05-04
C01146,LV,Paid Search,2025-03-22
C01147,LV,Organic Search,2025-09-08
C01148,LV,Paid Social,2025-03-15
C01149,EE,Organic Search,2025-02-08
C01150,EE,Organic Search,2025-09-13
C01151,LT,Paid Search,2025-02-14
C01152,LT,Organic Search,2025-02-06
C01153,LV,Paid Social,2025-10-02
C01154,EE,Paid Search,2025-02-18
C01155,LV,Paid Search,2025-04-04
C01156,LV,CRM,2025-05-30
C01157,LV,Paid Search,2025-03-12
C01158,EE,CRM,2025-03-10
C01159,LV,CRM,2025-01-01
C01160,LV,Organic Search,2025-02-01
C01161,LT,Paid Search,2025-06-08
C01162,LT,CRM,2025-10-09
C01163,LT,Paid Search,2025-02-17
C01164,LV,CRM,2025-09-24
C01165,LT,Paid Social,2025-08-14
C01166,LV,Paid Search,2025-06-19
C01167,LV,CRM,2025-04-02
C01168,LV,CRM,2025-07-09
C01169,LT,Affiliate,2025-01-27
C01170,LV,Organic Search,2025-06-29
C01171,LT,Organic Search,2025-04-04
C01172,LV,CRM,2025-06-21
C01173,LV,Paid Social,2025-10-20
C01174,LV,Affiliate,2025-04-06
C01175,LV,Paid Search,2025-09-11
C01176,LT,Paid Search,2025-07-13
C01177,EE,Paid Search,2025-01-30
C01178,LV,Organic Search,2025-04-29
C01179,LV,Paid Search,2025-08-02
C01180,EE,CRM,2025-10-20
C01181,LV,Paid Social,2025-10-08
C01182,LT,Paid Social,2025-02-20
C01183,LV,CRM,2025-07-23
C01184,LV,Organic Search,2025-09-11
C01185,LV,Paid Social,2025-07-18
C01186,LT,CRM,2025-06-07
C01187,LT,Paid Search,2025-01-07
C01188,LV,Paid Search,2025-04-27
C01189,LV,Affiliate,2025-07-08
C01190,LT,Affiliate,2025-03-23
C01191,LV,CRM,2025-08-09
C01192,EE,CRM,2025-04-07
C01193,LV,Paid Social,2025-07-14
C01194,LV,Paid Social,2025-06-05
C01195,LV,Paid Search,2025-08-15
C01196,LV,Paid Search,2025-08-06
C01197,LT,Paid Search,2025-08-09
C01198,EE,Paid Search,2025-08-03
C01199,LV,Paid Social,2025-02-16
C01200,LV,Paid Search,2025-07-05
C01201,EE,Organic Search,2025-03-22
C01202,LT,CRM,2025-09-08
C01203,LV,Paid Social,2025-01-14
C01204,EE,Paid Search,2025-03-09
C01205,LV,Organic Search,2025-08-24
C01206,LT,Paid Search,2025-01-02
C01207,LT,CRM,2025-07-30
C01208,LT,Paid Social,2025-04-05
C01209,LV,Paid Search,2025-07-06
C01210,LT,CRM,2025-05-04
C01211,LV,Organic Search,2025-05-28
C01212,LV,Affiliate,2025-05-15
C01213,LV,Paid Social,2025-04-23
C01214,LT,Paid Search,2025-01-30
C01215,LV,Paid Social,2025-05-24
C01216,EE,Paid Social,2025-05-26
C01217,EE,Paid Social,2025-02-18
C01218,EE,Paid Search,2025-07-28
C01219,LT,Organic Search,2025-04-22
C01220,LT,Paid Search,2025-02-09
C01221,EE,Paid Search,2025-08-29
C01222,LV,CRM,2025-04-22
C01223,EE,Affiliate,2025-04-07
C01224,LV,Paid Search,2025-01-27
C01225,LT,Paid Social,2025-04-07
C01226,LV,Paid Social,2025-03-11
C01227,EE,Paid Search,2025-05-06
C01228,LV,Affiliate,2025-01-16
C01229,LT,Affiliate,2025-08-02
C01230,LT,Paid Search,2025-04-29
C01231,EE,CRM,2025-07-15
C01232,LT,Paid Social,2025-08-19
C01233,LT,CRM,2025-09-03
C01234,LV,Paid Social,2025-02-24
C01235,LV,Affiliate,2025-04-21
C01236,LT,CRM,2025-04-03
C01237,LT,Paid Social,2025-10-23
C01238,EE,Affiliate,2025-08-08
C01239,LT,CRM,2025-03-14
C01240,LV,Organic Search,2025-09-01
C01241,LT,Organic Search,2025-05-06
C01242,LV,Paid Search,2025-03-05
C01243,EE,CRM,2025-05-03
C01244,LV,Paid Social,2025-02-08
C01245,LV,Paid Social,2025-09-17
C01246,EE,Paid Search,2025-07-30
C01247,LV,Paid Search,2025-06-07
C01248,LT,CRM,2025-08-18
C01249,LV,Paid Search,2025-04-30
C01250,LV,Paid Social,2025-06-07
C01251,EE,Paid Search,2025-06-17
C01252,LV,Affiliate,2025-07-07
C01253,LT,Organic Search,2025-09-08
C01254,EE,Affiliate,2025-10-11
C01255,LV,CRM,2025-01-27
C01256,LV,Organic Search,2025-06-10
C01257,LV,Affiliate,2025-05-17
C01258,LT,Paid Search,2025-01-31
C01259,LT,CRM,2025-10-10
C01260,LV,Affiliate,2025-01-12
C01261,LV,Organic Search,2025-05-12
C01262,EE,Paid Search,2025-01-12
C01263,EE,Paid Search,2025-08-14
C01264,LV,CRM,2025-09-10
C01265,LV,Organic Search,2025-10-01
C01266,LT,Organic Search,2025-07-24
C01267,LV,Paid Search,2025-09-02
C01268,EE,Paid Search,2025-05-30
C01269,LT,Paid Search,2025-05-24
C01270,LT,Paid Social,2025-05-11
C01271,EE,Paid Social,2025-05-04
C01272,LV,Paid Search,2025-07-21
C01273,LT,Paid Search,2025-03-20
C01274,LT,Paid Search,2025-03-23
C01275,EE,CRM,2025-02-12
C01276,LT,Organic Search,2025-05-06
C01277,LT,Organic Search,2025-06-06
C01278,EE,Paid Search,2025-01-28
C01279,LT,Paid Social,2025-04-28
C01280,LV,Organic Search,2025-03-19
C01281,LT,Paid Social,2025-09-07
C01282,LT,Organic Search,2025-06-04
C01283,LT,CRM,2025-05-06
C01284,LV,Paid Search,2025-08-08
C01285,LV,Paid Search,2025-04-20
C01286,EE,Paid Search,2025-07-27
C01287,LV,CRM,2025-05-16
C01288,EE,CRM,2025-06-06
C01289,EE,Paid Search,2025-02-19
C01290,LT,Organic Search,2025-05-24
C01291,LV,Organic Search,2025-08-27
C01292,LT,Organic Search,2025-02-22
C01293,LV,Paid Search,2025-02-12
C01294,LT,Paid Search,2025-03-08
C01295,LV,Affiliate,2025-03-14
C01296,EE,Paid Social,2025-01-02
C01297,LV,Affiliate,2025-10-07
C01298,LV,Paid Search,2025-10-21
C01299,LV,Organic Search,2025-07-08
C01300,LV,Paid Social,2025-09-14
C01301,LV,Paid Social,2025-10-14
C01302,LT,Organic Search,2025-04-30
C01303,EE,Paid Search,2025-01-27
C01304,LV,Affiliate,2025-07-05
C01305,LV,Affiliate,2025-01-13
C01306,EE,Paid Social,2025-07-11
C01307,LV,CRM,2025-01-29
C01308,LT,Paid Search,2025-09-16
C01309,LV,Paid Social,2025-06-24
C01310,LV,Affiliate,2025-07-30
C01311,LV,Affiliate,2025-06-16
C01312,LV,CRM,2025-02-09
C01313,LV,Paid Search,2025-04-04
C01314,LV,Paid Search,2025-01-02
C01315,LV,Paid Search,2025-08-27
C01316,LV,Organic Search,2025-06-24
C01317,LV,CRM,2025-05-13
C01318,LV,Paid Social,2025-02-24
C01319,LV,Paid Search,2025-03-18
C01320,LT,Organic Search,2025-02-05
C01321,LT,Affiliate,2025-05-13
C01322,EE,CRM,2025-06-07
C01323,LV,Paid Social,2025-08-03
C01324,LV,Paid Search,2025-02-28
C01325,EE,Paid Search,2025-10-22
C01326,LT,Paid Search,2025-06-30
C01327,LV,Organic Search,2025-10-22
C01328,EE,Organic Search,2025-06-12
C01329,EE,CRM,2025-05-18
C01330,LV,CRM,2025-03-22
C01331,LV,Paid Social,2025-10-01
C01332,LV,CRM,2025-01-19
C01333,EE,Organic Search,2025-05-02
C01334,LT,Paid Social,2025-08-17
C01335,LV,Paid Search,2025-05-26
C01336,LT,CRM,2025-02-15
C01337,LT,Affiliate,2025-05-29
C01338,LV,Paid Search,2025-05-26
C01339,EE,Paid Search,2025-06-05
C01340,LT,Affiliate,2025-08-08
C01341,EE,Paid Search,2025-05-25
C01342,LT,Affiliate,2025-06-01
C01343,LV,Paid Social,2025-07-20
C01344,LV,Organic Search,2025-04-26
C01345,LT,Organic Search,2025-10-26
C01346,LT,Paid Search,2025-10-02
C01347,EE,CRM,2025-09-30
C01348,LV,Paid Search,2025-02-17
C01349,EE,Paid Social,2025-02-13
C01350,LT,CRM,2025-07-17
C01351,LV,Paid Social,2025-03-20
C01352,LV,Affiliate,2025-05-07
C01353,EE,Paid Search,2025-03-27
C01354,LV,Organic Search,2025-07-27
C01355,LT,Paid Social,2025-05-07
C01356,LV,Affiliate,2025-04-12
C01357,EE,Paid Social,2025-05-24
C01358,EE,CRM,2025-07-04
C01359,EE,Organic Search,2025-08-22
C01360,LT,CRM,2025-06-28
C01361,LV,Paid Search,2025-03-04
C01362,LV,Affiliate,2025-06-17
C01363,LV,CRM,2025-03-19
C01364,LT,CRM,2025-02-12
C01365,LV,Paid Search,2025-04-22
C01366,EE,CRM,2025-02-05
C01367,LT,Organic Search,2025-08-12
C01368,EE,Organic Search,2025-07-25
C01369,LT,CRM,2025-08-11
C01370,LV,Paid Social,2025-02-13
C01371,LV,Affiliate,2025-07-23
C01372,LV,Paid Search,2025-08-22
C01373,LT,Paid Search,2025-05-10
C01374,LV,CRM,2025-09-28
C01375,LT,Paid Search,2025-10-14
C01376,LV,CRM,2025-05-11
C01377,LV,CRM,2025-10-10
C01378,LV,Paid Search,2025-01-10
C01379,LT,Paid Search,2025-05-19
C01380,LV,Paid Search,2025-08-16
C01381,LV,Organic Search,2025-02-04
C01382,LV,Paid Search,2025-08-18
C01383,LV,Paid Search,2025-06-18
C01384,EE,Paid Social,2025-05-05
C01385,LT,Paid Social,2025-05-10
C01386,LV,Organic Search,2025-09-21
C01387,LV,CRM,2025-09-12
C01388,LV,Paid Social,2025-02-20
C01389,LV,Organic Search,2025-06-24
C01390,LV,Organic Search,2025-06-19
C01391,EE,Paid Search,2025-01-21
C01392,LT,Paid Search,2025-03-23
C01393,LV,Paid Search,2025-10-05
C01394,LT,Organic Search,2025-06-09
C01395,LV,Paid Search,2025-10-27
C01396,LV,Paid Search,2025-10-14
C01397,LT,Affiliate,2025-03-16
C01398,LV,Organic Search,2025-01-28
C01399,LV,Paid Social,2025-08-23
C01400,LV,Paid Search,2025-04-11
C01401,LV,Paid Social,2025-01-10
C01402,LT,Affiliate,2025-07-07
C01403,LT,Organic Search,2025-08-20
C01404,LV,CRM,2025-04-28
C01405,LT,Paid Search,2025-03-27
C01406,LV,Affiliate,2025-07-07
C01407,LV,Paid Search,2025-07-12
C01408,LV,CRM,2025-07-02
C01409,LV,Paid Search,2025-01-30
C01410,LV,Paid Social,2025-09-11
C01411,LT,Paid Search,2025-02-02
C01412,LT,Organic Search,2025-08-25
C01413,EE,Paid Social,2025-05-31
C01414,LV,Paid Search,2025-05-03
C01415,LV,Paid Search,2025-10-06
C01416,LV,Affiliate,2025-03-26
C01417,EE,Paid Social,2025-05-20
C01418,EE,Paid Search,2025-10-04
C01419,LT,Affiliate,2025-03-06
C01420,LV,Organic Search,2025-04-27
C01421,EE,CRM,2025-01-12
C01422,EE,CRM,2025-08-23
C01423,LT,Paid Social,2025-04-27
C01424,EE,Paid Search,2025-05-15
C01425,LV,Organic Search,2025-09-09
C01426,LV,Paid Social,2025-10-18
C01427,EE,Affiliate,2025-05-27
C01428,LV,Paid Search,2025-03-11
C01429,LT,Paid Search,2025-02-16
C01430,LT,Paid Search,2025-01-14
C01431,EE,CRM,2025-04-15
C01432,LT,Paid Search,2025-09-27
C01433,EE,Affiliate,2025-02-13
C01434,LT,Paid Search,2025-05-08
C01435,EE,Paid Social,2025-06-27
C01436,LV,Affiliate,2025-08-14
C01437,LV,Organic Search,2025-09-09
C01438,LV,CRM,2025-06-16
C01439,LV,CRM,2025-03-08
C01440,LT,Paid Search,2025-05-18
C01441,LV,Affiliate,2025-04-12
C01442,LV,Affiliate,2025-01-14
C01443,LV,Paid Search,2025-01-04
C01444,LV,Affiliate,2025-07-04
C01445,EE,Organic Search,2025-10-15
C01446,LV,Paid Search,2025-07-01
C01447,EE,Paid Search,2025-06-25
C01448,LV,Organic Search,2025-05-26
C01449,LT,Paid Social,2025-07-27
C01450,LV,Paid Social,2025-08-30
C01451,EE,Affiliate,2025-09-07
C01452,EE,Paid Search,2025-09-12
C01453,LV,CRM,2025-01-11
C01454,LV,Paid Social,2025-01-18
C01455,LT,Paid Social,2025-09-01
C01456,LV,Paid Social,2025-04-02
C01457,EE,Paid Search,2025-01-06
C01458,LV,CRM,2025-04-18
C01459,LV,Affiliate,2025-09-24
C01460,LV,CRM,2025-08-30
C01461,LV,Paid Search,2025-09-26
C01462,LT,Paid Search,2025-05-29
C01463,LT,Paid Search,2025-03-09
C01464,LV,Paid Social,2025-05-02
C01465,LV,Paid Search,2025-08-12
C01466,EE,Organic Search,2025-09-30
C01467,LV,Paid Search,2025-06-30
C01468,LV,Organic Search,2025-06-14
C01469,LV,Paid Social,2025-08-25
C01470,LV,Paid Social,2025-02-19
C01471,LV,CRM,2025-10-13
C01472,EE,CRM,2025-04-30
C01473,EE,Paid Social,2025-05-16
C01474,LV,CRM,2025-03-26
C01475,LT,Paid Social,2025-05-01
C01476,LV,Paid Search,2025-05-22
C01477,LT,CRM,2025-07-27
C01478,LV,Paid Search,2025-01-14
C01479,LV,Organic Search,2025-07-11
C01480,LV,Paid Social,2025-03-03
C01481,LT,Organic Search,2025-03-17
C01482,LV,Paid Social,2025-03-11
C01483,LT,Organic Search,2025-06-28
C01484,EE,Affiliate,2025-07-09
C01485,LT,Organic Search,2025-09-16
C01486,LV,Paid Social,2025-02-22
C01487,LV,Paid Social,2025-10-13
C01488,LT,Organic Search,2025-05-29
C01489,LV,Affiliate,2025-07-25
C01490,EE,Paid Search,2025-07-19
C01491,LT,Paid Search,2025-07-22
C01492,LV,Paid Social,2025-04-14
C01493,EE,Paid Social,2025-02-25
C01494,LV,Paid Social,2025-06-18
C01495,EE,Organic Search,2025-05-13
C01496,LT,Organic Search,2025-01-22
C01497,LV,CRM,2025-09-10
C01498,LV,Organic Search,2025-01-29
C01499,LV,Organic Search,2025-03-04
C01500,LV,Organic Search,2025-09-03
C01501,EE,Paid Social,2025-02-17
C01502,LT,CRM,2025-09-26
C01503,LV,Affiliate,2025-04-23
C01504,EE,Paid Social,2025-05-29
C01505,LV,Paid Social,2025-04-24
C01506,LV,Affiliate,2025-10-03
C01507,LV,Paid Search,2025-04-21
C01508,LV,Affiliate,2025-04-16
C01509,LT,Affiliate,2025-02-07
C01510,LT,Paid Social,2025-07-27
C01511,LV,Paid Search,2025-03-22
C01512,LV,Affiliate,2025-04-25
C01513,EE,CRM,2025-08-23
C01514,EE,Organic Search,2025-08-29
C01515,EE,Paid Social,2025-09-13
C01516,LT,Paid Search,2025-09-26
C01517,LV,Affiliate,2025-01-27
C01518,LT,Paid Social,2025-07-18
C01519,LT,Paid Search,2025-01-13
C01520,LV,Organic Search,2025-04-12
C01521,LT,Paid Social,2025-04-01
C01522,LT,Paid Search,2025-03-11
C01523,LT,Affiliate,2025-01-12
C01524,LT,CRM,2025-04-04
C01525,EE,Organic Search,2025-05-03
C01526,EE,Paid Search,2025-09-11
C01527,LV,Paid Social,2025-06-29
C01528,LV,Paid Social,2025-09-17
C01529,EE,Affiliate,2025-01-22
C01530,EE,CRM,2025-03-21
C01531,LV,Paid Search,2025-03-26
C01532,EE,Paid Search,2025-09-28
C01533,LT,CRM,2025-08-12
C01534,LV,Affiliate,2025-01-14
C01535,LT,Paid Social,2025-06-18
C01536,LV,Paid Social,2025-03-17
C01537,LV,Paid Search,2025-10-16
C01538,LT,CRM,2025-07-12
C01539,EE,Affiliate,2025-04-14
C01540,EE,Paid Social,2025-08-11
C01541,LT,Paid Search,2025-04-13
C01542,LV,Organic Search,2025-01-24
C01543,LT,CRM,2025-04-22
C01544,LV,CRM,2025-05-12
C01545,LV,CRM,2025-05-20
C01546,LT,Organic Search,2025-01-06
C01547,LV,Paid Social,2025-02-02
C01548,LT,Paid Social,2025-07-24
C01549,LV,CRM,2025-07-22
C01550,LV,Paid Social,2025-02-21
C01551,EE,Affiliate,2025-04-06
C01552,LV,Paid Social,2025-03-06
C01553,LT,Paid Social,2025-08-08
C01554,LV,Paid Search,2025-02-09
C01555,LV,CRM,2025-01-23
C01556,LV,Paid Search,2025-07-31
C01557,EE,Paid Social,2025-04-07
C01558,LV,CRM,2025-08-15
C01559,LT,Paid Search,2025-06-11
C01560,LT,Paid Social,2025-06-04
C01561,LT,Paid Search,2025-05-19
C01562,EE,Organic Search,2025-10-17
C01563,EE,Organic Search,2025-07-13
C01564,LT,Affiliate,2025-07-08
C01565,LV,Affiliate,2025-04-04
C01566,LV,Paid Social,2025-01-11
C01567,LV,Paid Social,2025-09-11
C01568,EE,CRM,2025-03-18
C01569,LV,Paid Social,2025-02-24
C01570,LT,Paid Search,2025-08-19
C01571,LT,Paid Search,2025-07-21
C01572,LT,Affiliate,2025-05-10
C01573,LV,Affiliate,2025-03-07
C01574,EE,Organic Search,2025-01-29
C01575,LV,Paid Social,2025-06-29
C01576,LT,Paid Search,2025-07-11
C01577,EE,CRM,2025-10-02
C01578,LV,Paid Social,2025-08-31
C01579,LT,Affiliate,2025-02-28
C01580,LV,Organic Search,2025-01-20
C01581,LV,CRM,2025-02-12
C01582,LV,Paid Search,2025-03-10
C01583,LV,Organic Search,2025-02-13
C01584,EE,Organic Search,2025-02-04
C01585,LT,Paid Social,2025-04-02
C01586,LV,Paid Search,2025-02-13
C01587,EE,CRM,2025-01-16
C01588,LV,Organic Search,2025-10-06
C01589,LV,Paid Social,2025-10-23
C01590,EE,Paid Search,2025-07-03
C01591,LV,Affiliate,2025-09-02
C01592,LT,Affiliate,2025-08-07
C01593,EE,Paid Search,2025-08-25
C01594,EE,Paid Search,2025-09-19
C01595,EE,CRM,2025-01-21
C01596,LT,Organic Search,2025-06-13
C01597,LT,Organic Search,2025-06-02
C01598,LT,Paid Search,2025-06-16
C01599,LV,CRM,2025-01-06
C01600,LT,Affiliate,2025-08-05
C01601,LV,Paid Search,2025-08-10
C01602,LV,Paid Search,2025-10-06
C01603,LV,Paid Search,2025-10-18
C01604,LV,Paid Search,2025-05-30
C01605,LT,Organic Search,2025-07-02
C01606,LT,Affiliate,2025-08-21
C01607,LT,Organic Search,2025-03-24
C01608,LT,CRM,2025-04-25
C01609,EE,CRM,2025-09-19
C01610,EE,Organic Search,2025-05-01
C01611,LT,Paid Social,2025-06-28
C01612,LT,Affiliate,2025-03-11
C01613,EE,Paid Social,2025-08-27
C01614,LT,Paid Search,2025-04-27
C01615,EE,Paid Search,2025-04-09
C01616,LV,Organic Search,2025-09-01
C01617,LV,Affiliate,2025-06-19
C01618,LT,Paid Search,2025-01-06
C01619,LV,Organic Search,2025-08-06
C01620,LV,Organic Search,2025-10-01
C01621,LV,Organic Search,2025-06-09
C01622,LV,Paid Search,2025-10-18
C01623,LT,CRM,2025-10-15
C01624,EE,Paid Search,2025-07-01
C01625,LV,Paid Social,2025-04-29
C01626,LT,CRM,2025-07-01
C01627,LV,Affiliate,2025-07-21
C01628,LV,Affiliate,2025-03-09
C01629,LV,Affiliate,2025-08-04
C01630,LV,CRM,2025-08-14
C01631,LV,Paid Search,2025-05-09
C01632,LT,Affiliate,2025-01-14
C01633,EE,Paid Search,2025-10-27
C01634,LT,Affiliate,2025-08-27
C01635,LV,Organic Search,2025-06-23
C01636,EE,Affiliate,2025-02-24
C01637,LT,CRM,2025-07-04
C01638,EE,Paid Social,2025-04-19
C01639,LT,Paid Search,2025-08-10
C01640,LV,Organic Search,2025-01-01
C01641,EE,Paid Social,2025-01-13
C01642,EE,Affiliate,2025-05-26
C01643,EE,Affiliate,2025-09-08
C01644,LV,Paid Search,2025-05-13
C01645,LV,Affiliate,2025-09-05
C01646,LV,CRM,2025-06-08
C01647,LV,CRM,2025-09-04
C01648,LT,CRM,2025-04-29
C01649,LV,Paid Search,2025-02-10
C01650,LV,Organic Search,2025-07-02
C01651,EE,CRM,2025-04-13
C01652,LT,Affiliate,2025-06-17
C01653,LT,CRM,2025-01-25
C01654,EE,Paid Search,2025-08-21
C01655,LV,Paid Social,2025-05-19
C01656,LV,CRM,2025-07-16
C01657,LV,Paid Social,2025-03-23
C01658,LT,CRM,2025-10-17
C01659,LT,Paid Social,2025-05-12
C01660,EE,Paid Search,2025-07-19
C01661,LV,Affiliate,2025-02-20
C01662,LT,Affiliate,2025-08-17
C01663,LV,Paid Search,2025-07-05
C01664,LV,Affiliate,2025-07-20
C01665,LT,Paid Social,2025-03-18
C01666,LT,Paid Search,2025-04-22
C01667,LT,CRM,2025-09-01
C01668,LV,Affiliate,2025-07-07
C01669,LT,Paid Search,2025-04-28
C01670,LV,Paid Search,2025-09-06
C01671,LV,Organic Search,2025-03-15
C01672,LV,Organic Search,2025-06-06
C01673,LT,Organic Search,2025-09-13
C01674,LT,Paid Search,2025-01-03
C01675,EE,CRM,2025-06-17
C01676,LT,Organic Search,2025-05-10
C01677,LV,Paid Search,2025-05-11
C01678,LT,Paid Social,2025-05-07
C01679,LV,Paid Search,2025-10-24
C01680,LT,Organic Search,2025-04-01
C01681,LV,CRM,2025-09-06
C01682,LT,Paid Social,2025-09-04
C01683,LV,Paid Social,2025-09-30
C01684,EE,Paid Search,2025-02-27
C01685,LV,CRM,2025-07-25
C01686,LV,Paid Social,2025-05-12
C01687,LT,Paid Search,2025-06-15
C01688,LV,Paid Social,2025-06-14
C01689,LT,Organic Search,2025-03-02
C01690,EE,Organic Search,2025-04-10
C01691,LT,Paid Social,2025-07-25
C01692,LT,Paid Social,2025-06-06
C01693,LV,Paid Social,2025-03-25
C01694,LT,Organic Search,2025-05-01
C01695,LV,Affiliate,2025-01-16
C01696,LT,Paid Social,2025-03-21
C01697,LV,Paid Search,2025-05-19
C01698,LV,Paid Search,2025-07-05
C01699,LV,Organic Search,2025-06-03
C01700,LV,Organic Search,2025-09-14
C01701,EE,Paid Social,2025-01-25
C01702,LT,Paid Search,2025-09-04
C01703,LV,Organic Search,2025-10-08
C01704,LV,Paid Social,2025-05-19
C01705,LT,Paid Search,2025-06-14
C01706,LV,Paid Social,2025-08-29
C01707,EE,Paid Social,2025-08-11
C01708,LV,Paid Search,2025-03-12
C01709,LV,Paid Social,2025-06-22
C01710,LV,Paid Search,2025-05-10
C01711,LV,CRM,2025-01-27
C01712,LV,Paid Search,2025-07-23
C01713,LV,Paid Search,2025-05-15
C01714,LT,Paid Social,2025-06-09
C01715,LT,Paid Search,2025-03-15
C01716,LT,CRM,2025-07-16
C01717,LV,Paid Search,2025-01-09
C01718,LV,Paid Social,2025-06-19
C01719,LV,Paid Search,2025-07-15
C01720,LV,Paid Social,2025-01-09
C01721,LV,Affiliate,2025-08-04
C01722,LT,Affiliate,2025-06-03
C01723,LV,CRM,2025-09-27
C01724,LV,Affiliate,2025-04-27
C01725,LV,Affiliate,2025-01-17
C01726,LV,Paid Search,2025-09-15
C01727,LV,Paid Social,2025-10-14
C01728,EE,Organic Search,2025-07-18
C01729,LV,Paid Search,2025-03-03
C01730,LV,Affiliate,2025-01-09
C01731,EE,CRM,2025-01-19
C01732,LV,CRM,2025-06-24
C01733,EE,Paid Search,2025-07-20
C01734,LV,Paid Search,2025-09-09
C01735,LV,CRM,2025-05-08
C01736,LT,Organic Search,2025-09-14
C01737,LT,Paid Search,2025-02-15
C01738,LV,Organic Search,2025-06-17
C01739,LV,Paid Social,2025-01-18
C01740,EE,CRM,2025-04-07
C01741,LT,Paid Social,2025-09-29
C01742,LV,CRM,2025-10-23
C01743,LT,Paid Social,2025-04-10
C01744,LT,CRM,2025-06-24
C01745,LV,Paid Search,2025-04-19
C01746,EE,Paid Social,2025-02-04
C01747,LV,Affiliate,2025-10-26
C01748,LT,Organic Search,2025-01-19
C01749,LV,Paid Search,2025-08-29
C01750,LT,Paid Search,2025-07-15
C01751,LV,Paid Social,2025-08-01
C01752,LT,CRM,2025-01-31
C01753,EE,Paid Social,2025-09-23
C01754,EE,Paid Social,2025-08-10
C01755,EE,Organic Search,2025-09-16
C01756,LV,Organic Search,2025-07-04
C01757,LV,Organic Search,2025-04-14
C01758,LT,Paid Search,2025-10-12
C01759,LV,Organic Search,2025-05-24
C01760,LV,Paid Search,2025-10-24
C01761,LV,Paid Search,2025-04-29
C01762,LV,Paid Social,2025-10-07
C01763,LT,CRM,2025-05-29
C01764,LV,CRM,2025-03-19
C01765,LV,Affiliate,2025-05-11
C01766,LT,Affiliate,2025-07-13
C01767,LT,CRM,2025-01-31
C01768,EE,Organic Search,2025-03-10
C01769,LT,CRM,2025-09-22
C01770,LT,CRM,2025-09-13
C01771,LV,Organic Search,2025-07-01
C01772,LT,Paid Social,2025-04-27
C01773,LT,CRM,2025-05-28
C01774,LV,Paid Search,2025-05-10
C01775,LV,Organic Search,2025-09-16
C01776,LV,Paid Search,2025-01-01
C01777,LV,Paid Search,2025-07-06
C01778,LV,CRM,2025-08-07
C01779,EE,Paid Search,2025-09-21
C01780,LV,Organic Search,2025-10-14
C01781,LT,Affiliate,2025-04-30
C01782,EE,Paid Social,2025-01-11
C01783,EE,Affiliate,2025-09-15
C01784,LT,Paid Search,2025-05-16
C01785,LT,Organic Search,2025-02-04
C01786,LV,Affiliate,2025-10-26
C01787,LT,Paid Search,2025-05-23
C01788,LT,Affiliate,2025-02-18
C01789,LV,Paid Social,2025-01-21
C01790,LV,Organic Search,2025-09-06
C01791,EE,Paid Social,2025-02-04
C01792,LV,Affiliate,2025-01-31
C01793,EE,Affiliate,2025-10-22
C01794,LV,Affiliate,2025-01-18
C01795,LV,Paid Social,2025-05-25
C01796,LV,CRM,2025-06-29
C01797,EE,Organic Search,2025-07-16
C01798,LT,Paid Social,2025-10-17
C01799,EE,Paid Social,2025-06-20
C01800,LV,Paid Social,2025-06-28
C01801,LV,Organic Search,2025-10-26
C01802,LV,CRM,2025-06-21
C01803,LV,Organic Search,2025-05-14
C01804,LV,Organic Search,2025-09-18
C01805,LT,Affiliate,2025-06-23
C01806,LV,Paid Social,2025-06-05
C01807,LT,Paid Search,2025-06-27
C01808,LV,CRM,2025-03-18
C01809,LT,Paid Social,2025-09-09
C01810,LV,Affiliate,2025-03-07
C01811,LT,CRM,2025-04-13
C01812,EE,Affiliate,2025-08-12
C01813,EE,Paid Search,2025-08-21
C01814,LT,Organic Search,2025-05-23
C01815,EE,Paid Social,2025-08-07
C01816,LV,Paid Social,2025-04-26
C01817,LT,Paid Social,2025-06-02
C01818,LV,Paid Social,2025-05-06
C01819,EE,Organic Search,2025-08-31
C01820,LT,Paid Search,2025-06-20
C01821,LV,Paid Social,2025-05-10
C01822,EE,CRM,2025-07-21
C01823,LV,Paid Search,2025-05-12
C01824,LV,CRM,2025-06-21
C01825,LT,Paid Search,2025-07-21
C01826,LV,Paid Social,2025-05-06
C01827,LT,Paid Search,2025-04-25
C01828,LV,Organic Search,2025-05-11
C01829,LV,Paid Search,2025-03-02
C01830,LT,Paid Social,2025-03-23
C01831,LV,Affiliate,2025-10-28
C01832,LV,Paid Social,2025-03-11
C01833,LT,CRM,2025-08-12
C01834,LV,CRM,2025-04-10
C01835,LV,Paid Social,2025-01-18
C01836,LV,CRM,2025-06-29
C01837,LV,CRM,2025-06-01
C01838,LT,CRM,2025-03-21
C01839,LV,Affiliate,2025-07-13
C01840,LV,Organic Search,2025-09-28
C01841,EE,Paid Search,2025-07-19
C01842,LV,Paid Search,2025-05-21
C01843,LT,CRM,2025-10-03
C01844,LV,Affiliate,2025-01-29
C01845,LT,CRM,2025-06-16
C01846,LT,Paid Social,2025-06-21
C01847,LV,Paid Search,2025-10-10
C01848,LT,CRM,2025-01-13
C01849,EE,Paid Search,2025-09-24
C01850,LV,Paid Social,2025-07-31
C01851,LV,CRM,2025-08-15
C01852,LV,Organic Search,2025-06-13
C01853,LV,Paid Social,2025-09-25
C01854,LV,Paid Search,2025-06-09
C01855,EE,Paid Social,2025-06-07
C01856,LT,Paid Social,2025-09-07
C01857,EE,Organic Search,2025-05-14
C01858,LV,Affiliate,2025-10-09
C01859,EE,Affiliate,2025-02-22
C01860,LV,Affiliate,2025-07-17
C01861,LT,Paid Social,2025-03-15
C01862,EE,CRM,2025-10-13
C01863,EE,CRM,2025-08-02
C01864,LT,Paid Search,2025-04-08
C01865,EE,Paid Social,2025-02-07
C01866,LV,Organic Search,2025-04-19
C01867,LV,CRM,2025-08-13
C01868,LT,Paid Search,2025-10-22
C01869,LV,Paid Search,2025-01-03
C01870,LV,Paid Social,2025-10-03
C01871,LT,Organic Search,2025-02-18
C01872,LT,Paid Social,2025-05-29
C01873,EE,Affiliate,2025-02-23
C01874,LV,Paid Social,2025-09-03
C01875,LT,CRM,2025-03-25
C01876,LT,Paid Search,2025-01-06
C01877,LV,Paid Social,2025-09-30
C01878,LV,Organic Search,2025-05-08
C01879,LV,Paid Search,2025-10-07
C01880,EE,Paid Social,2025-07-07
C01881,LT,Paid Search,2025-04-07
C01882,LT,Paid Search,2025-03-01
C01883,LV,Paid Search,2025-07-16
C01884,LV,Paid Search,2025-09-01
C01885,LV,Paid Search,2025-01-06
C01886,LV,Paid Social,2025-07-05
C01887,LV,Paid Social,2025-08-05
C01888,LV,Organic Search,2025-09-10
C01889,LV,Paid Social,2025-09-14
C01890,EE,Affiliate,2025-05-16
C01891,LV,Affiliate,2025-02-16
C01892,LT,CRM,2025-06-12
C01893,LV,CRM,2025-03-30
C01894,LV,Affiliate,2025-09-28
C01895,LV,Paid Social,2025-06-28
C01896,LV,Paid Search,2025-04-30
C01897,EE,Affiliate,2025-02-23
C01898,LV,Paid Search,2025-04-25
C01899,EE,Paid Search,2025-09-05
C01900,LV,Paid Social,2025-10-20
C01901,LV,Paid Social,2025-02-18
C01902,LT,Organic Search,2025-01-28
C01903,LT,Affiliate,2025-04-18
C01904,LV,Paid Social,2025-03-01
C01905,LV,Paid Search,2025-06-18
C01906,LV,Paid Social,2025-05-08
C01907,LV,Paid Search,2025-09-27
C01908,LV,Paid Search,2025-04-17
C01909,LV,Affiliate,2025-07-02
C01910,LT,Paid Social,2025-03-11
C01911,LT,Paid Social,2025-07-25
C01912,LT,Paid Search,2025-05-06
C01913,LV,Paid Search,2025-10-03
C01914,EE,Paid Social,2025-06-02
C01915,LV,Affiliate,2025-07-16
C01916,LT,CRM,2025-05-15
C01917,LV,Affiliate,2025-07-05
C01918,LV,Paid Search,2025-01-26
C01919,LV,Affiliate,2025-08-14
C01920,EE,Organic Search,2025-08-29
C01921,LT,Paid Search,2025-08-10
C01922,EE,Paid Search,2025-09-19
C01923,LT,Paid Search,2025-10-05
C01924,EE,Organic Search,2025-03-22
C01925,LT,Paid Social,2025-09-15
C01926,EE,Paid Social,2025-01-24
C01927,EE,Paid Social,2025-07-24
C01928,LV,Paid Social,2025-08-12
C01929,EE,CRM,2025-02-13
C01930,LT,Affiliate,2025-05-17
C01931,EE,CRM,2025-08-07
C01932,LV,Paid Social,2025-08-04
C01933,LT,Paid Search,2025-01-02
C01934,EE,Organic Search,2025-10-11
C01935,LT,Affiliate,2025-01-31
C01936,EE,Organic Search,2025-09-07
C01937,LT,CRM,2025-03-26
C01938,LV,Organic Search,2025-08-22
C01939,LT,Paid Social,2025-02-02
C01940,LT,Organic Search,2025-08-25
C01941,LV,Paid Search,2025-09-04
C01942,EE,Paid Search,2025-06-10
C01943,LT,Affiliate,2025-09-11
C01944,EE,Paid Social,2025-01-24
C01945,LT,Paid Search,2025-10-03
C01946,EE,Affiliate,2025-08-16
C01947,EE,Organic Search,2025-02-10
C01948,LV,CRM,2025-01-25
C01949,LV,Affiliate,2025-10-02
C01950,LT,Paid Search,2025-10-28
C01951,LV,Organic Search,2025-03-26
C01952,LT,Organic Search,2025-02-05
C01953,LT,Paid Search,2025-03-15
C01954,EE,CRM,2025-01-27
C01955,EE,Paid Social,2025-10-17
C01956,LV,Affiliate,2025-01-03
C01957,LT,Paid Social,2025-06-26
C01958,LV,Paid Search,2025-02-11
C01959,LV,Paid Search,2025-02-17
C01960,LT,Affiliate,2025-10-26
C01961,LV,Paid Search,2025-01-24
C01962,LT,Affiliate,2025-07-19
C01963,LT,Organic Search,2025-05-24
C01964,LT,Organic Search,2025-10-24
C01965,LT,Organic Search,2025-05-03
C01966,EE,Paid Social,2025-06-05
C01967,LV,Paid Social,2025-07-02
C01968,LT,Affiliate,2025-10-05
C01969,EE,Paid Social,2025-09-28
C01970,EE,Paid Social,2025-04-22
C01971,EE,Affiliate,2025-10-10
C01972,LV,Paid Search,2025-04-21
C01973,LT,Paid Social,2025-01-13
C01974,LV,Affiliate,2025-02-11
C01975,EE,Paid Search,2025-09-02
C01976,EE,Affiliate,2025-08-14
C01977,LT,Paid Social,2025-08-07
C01978,LT,Paid Search,2025-08-26
C01979,LT,Organic Search,2025-09-27
C01980,LV,Paid Social,2025-08-04
C01981,LT,CRM,2025-10-24
C01982,EE,CRM,2025-01-19
C01983,EE,Paid Search,2025-09-09
C01984,EE,Affiliate,2025-10-19
C01985,LV,CRM,2025-06-06
C01986,LV,Organic Search,2025-10-15
C01987,LT,Paid Search,2025-02-20
C01988,LV,CRM,2025-04-27
C01989,EE,Paid Search,2025-07-21
C01990,LV,Organic Search,2025-03-09
C01991,LT,Paid Search,2025-06-25
C01992,LT,Paid Search,2025-04-21
C01993,LV,Paid Search,2025-02-21
C01994,LT,Affiliate,2025-07-17
C01995,LV,Paid Search,2025-09-11
C01996,LV,Paid Search,2025-10-28
C01997,LV,Organic Search,2025-10-23
C01998,LV,Organic Search,2025-10-21
C01999,LV,CRM,2025-09-25
C02000,LV,Organic Search,2025-10-22
C02001,LT,Organic Search,2025-05-19
C02002,LT,Paid Social,2025-02-08
C02003,LV,Paid Search,2025-05-23
C02004,LV,Organic Search,2025-08-25
C02005,LT,Paid Social,2025-08-10
C02006,LV,Organic Search,2025-01-12
C02007,LT,Paid Search,2025-08-24
C02008,LV,Paid Search,2025-07-18
C02009,LT,Paid Social,2025-04-01
C02010,EE,Organic Search,2025-07-01
C02011,LV,CRM,2025-09-25
C02012,LV,CRM,2025-01-12
C02013,LV,Organic Search,2025-04-25
C02014,LV,Paid Search,2025-08-07
C02015,LT,Paid Social,2025-07-31
C02016,LT,Paid Search,2025-05-19
C02017,LV,Organic Search,2025-03-10
C02018,LV,Affiliate,2025-04-23
C02019,LT,Affiliate,2025-07-11
C02020,LT,Paid Social,2025-09-01
C02021,LV,Organic Search,2025-03-11
C02022,LT,Affiliate,2025-04-21
C02023,LT,Organic Search,2025-02-08
C02024,LV,Organic Search,2025-04-16
C02025,LV,Affiliate,2025-09-28
C02026,LT,Paid Search,2025-04-08
C02027,LT,Organic Search,2025-02-16
C02028,LT,Paid Search,2025-10-28
C02029,LV,CRM,2025-09-20
C02030,LV,Paid Search,2025-01-30
C02031,EE,Organic Search,2025-03-27
C02032,LV,Paid Social,2025-02-19
C02033,LV,Paid Social,2025-03-15
C02034,EE,Organic Search,2025-07-13
C02035,EE,Paid Search,2025-01-06
C02036,LV,Paid Social,2025-01-10
C02037,LT,Affiliate,2025-01-11
C02038,EE,Paid Search,2025-09-07
C02039,LT,Paid Search,2025-03-14
C02040,EE,Organic Search,2025-06-29
C02041,LV,CRM,2025-01-13
C02042,LT,Paid Search,2025-05-11
C02043,LV,Paid Search,2025-07-27
C02044,LV,CRM,2025-07-15
C02045,LV,Affiliate,2025-10-25
C02046,LV,Paid Social,2025-01-06
C02047,LT,Paid Search,2025-04-16
C02048,LT,Organic Search,2025-01-09
C02049,LV,Paid Social,2025-03-01
C02050,LT,Paid Search,2025-05-16
C02051,LV,Organic Search,2025-08-25
C02052,LV,Paid Search,2025-05-27
C02053,LV,CRM,2025-06-15
C02054,LV,Paid Social,2025-04-05
C02055,LT,Paid Social,2025-04-08
C02056,LT,Organic Search,2025-04-28
C02057,LV,Paid Search,2025-09-01
C02058,LV,CRM,2025-09-24
C02059,LV,Organic Search,2025-05-08
C02060,LV,Paid Social,2025-08-04
C02061,LT,Organic Search,2025-03-23
C02062,LV,Affiliate,2025-03-19
C02063,LV,Paid Search,2025-08-18
C02064,LT,Affiliate,2025-04-07
C02065,LT,Affiliate,2025-08-01
C02066,LV,Paid Social,2025-09-11
C02067,LV,Paid Search,2025-06-16
C02068,EE,CRM,2025-01-02
C02069,LV,Paid Search,2025-02-06
C02070,LV,CRM,2025-07-16
C02071,LT,Paid Social,2025-01-19
C02072,EE,Organic Search,2025-03-26
C02073,LV,CRM,2025-06-15
C02074,LV,Organic Search,2025-08-03
C02075,LV,Affiliate,2025-09-07
C02076,LV,Paid Social,2025-08-20
C02077,EE,Paid Search,2025-09-28
C02078,LT,Paid Search,2025-09-03
C02079,LT,Organic Search,2025-05-30
C02080,EE,Paid Search,2025-09-01
C02081,LV,Paid Search,2025-10-14
C02082,LV,Organic Search,2025-09-02
C02083,LV,Organic Search,2025-05-04
C02084,LT,Paid Social,2025-06-10
C02085,LV,Paid Search,2025-10-04
C02086,LV,Paid Search,2025-03-28
C02087,LV,Affiliate,2025-02-12
C02088,LV,Organic Search,2025-09-07
C02089,EE,Affiliate,2025-06-23
C02090,LT,Paid Social,2025-05-20
C02091,LV,Paid Social,2025-03-09
C02092,LT,Paid Search,2025-06-11
C02093,LV,Paid Search,2025-10-27
C02094,LV,Paid Social,2025-07-08
C02095,EE,CRM,2025-05-05
C02096,LT,Paid Search,2025-02-06
C02097,LT,Paid Social,2025-08-03
C02098,LT,CRM,2025-01-28
C02099,LT,Paid Search,2025-10-05
C02100,LT,Paid Social,2025-02-03
C02101,LV,Paid Search,2025-06-03
C02102,LV,Paid Search,2025-03-02
C02103,LT,Organic Search,2025-08-22
C02104,LV,Paid Social,2025-06-13
C02105,LT,Affiliate,2025-09-28
C02106,LV,Paid Social,2025-01-17
C02107,LT,Paid Search,2025-08-06
C02108,LV,Affiliate,2025-07-18
C02109,LT,Paid Search,2025-09-29
C02110,LT,Paid Social,2025-04-06
C02111,LT,Organic Search,2025-02-15
C02112,LT,CRM,2025-02-09
C02113,LV,Organic Search,2025-02-08
C02114,LV,Organic Search,2025-04-09
C02115,LT,Affiliate,2025-09-13
C02116,LV,Paid Search,2025-10-02
C02117,LV,Organic Search,2025-03-30
C02118,LV,Paid Social,2025-05-17
C02119,LV,CRM,2025-07-25
C02120,LV,Organic Search,2025-01-15
C02121,LV,Organic Search,2025-10-04
C02122,EE,Organic Search,2025-07-06
C02123,EE,Paid Social,2025-05-01
C02124,LV,Organic Search,2025-07-26
C02125,LV,Paid Social,2025-06-13
C02126,LT,Paid Search,2025-03-03
C02127,LV,Paid Search,2025-06-28
C02128,LT,CRM,2025-04-28
C02129,LV,CRM,2025-10-05
C02130,LV,Paid Search,2025-01-23
C02131,EE,Organic Search,2025-01-12
C02132,LT,Organic Search,2025-06-19
C02133,LV,Paid Search,2025-03-20
C02134,LV,Organic Search,2025-03-13
C02135,LV,Paid Search,2025-01-28
C02136,LV,Paid Social,2025-06-15
C02137,LV,Paid Social,2025-03-02
C02138,LT,Organic Search,2025-04-12
C02139,LV,Affiliate,2025-03-19
C02140,LV,CRM,2025-07-14
C02141,LT,Paid Social,2025-05-10
C02142,LV,Affiliate,2025-02-25
C02143,LV,CRM,2025-02-09
C02144,LT,Organic Search,2025-09-11
C02145,EE,Paid Search,2025-03-08
C02146,EE,Affiliate,2025-05-02
C02147,LV,Paid Search,2025-09-09
C02148,LT,Paid Search,2025-03-20
C02149,EE,CRM,2025-09-26
C02150,LV,Paid Social,2025-06-11
C02151,EE,CRM,2025-03-10
C02152,EE,Paid Social,2025-02-21
C02153,LV,Organic Search,2025-03-09
C02154,LT,CRM,2025-10-18
C02155,LV,Paid Social,2025-07-12
C02156,LV,Paid Search,2025-08-27
C02157,LV,Paid Social,2025-04-12
C02158,LT,Paid Search,2025-09-15
C02159,LV,Paid Search,2025-06-22
C02160,LV,Organic Search,2025-09-25
C02161,LT,Paid Social,2025-10-26
C02162,LT,Paid Social,2025-06-26
C02163,LT,Paid Social,2025-06-02
C02164,EE,Paid Search,2025-07-15
C02165,EE,Paid Search,2025-02-26
C02166,LV,Paid Search,2025-04-13
C02167,EE,CRM,2025-03-13
C02168,LV,CRM,2025-09-04
C02169,EE,Paid Search,2025-01-16
C02170,LT,Paid Search,2025-01-15
C02171,LV,Paid Search,2025-08-23
C02172,EE,Paid Search,2025-07-09
C02173,LV,CRM,2025-10-07
C02174,LT,CRM,2025-02-20
C02175,EE,Paid Search,2025-02-05
C02176,LT,Affiliate,2025-03-01
C02177,LV,Paid Social,2025-09-28
C02178,LV,Organic Search,2025-01-14
C02179,LT,CRM,2025-05-14
C02180,LT,Affiliate,2025-10-02
C02181,LT,Paid Social,2025-06-20
C02182,EE,Organic Search,2025-01-27
C02183,LV,Organic Search,2025-03-11
C02184,LT,CRM,2025-01-03
C02185,LV,Paid Social,2025-02-13
C02186,LT,Paid Social,2025-03-14
C02187,LV,CRM,2025-09-25
C02188,LT,Paid Search,2025-10-05
C02189,EE,Paid Social,2025-01-19
C02190,LV,Organic Search,2025-01-07
C02191,LV,CRM,2025-03-23
C02192,LT,Paid Search,2025-06-08
C02193,LT,Paid Social,2025-05-31
C02194,LT,Affiliate,2025-05-31
C02195,EE,Paid Social,2025-04-14
C02196,EE,Paid Search,2025-05-22
C02197,LT,Paid Search,2025-04-13
C02198,LT,Paid Search,2025-06-13
C02199,EE,Paid Social,2025-02-13
C02200,LV,Paid Social,2025-05-14
C02201,LV,Paid Social,2025-08-09
C02202,LV,Paid Search,2025-07-23
C02203,EE,Paid Search,2025-05-03
C02204,LT,Organic Search,2025-05-17
C02205,LT,Affiliate,2025-05-13
C02206,LV,Paid Social,2025-09-03
C02207,EE,Organic Search,2025-08-06
C02208,LV,Paid Social,2025-04-03
C02209,LV,Paid Search,2025-08-22
C02210,LV,Paid Social,2025-05-09
C02211,LT,CRM,2025-06-20
C02212,EE,Paid Search,2025-02-19
C02213,LV,Affiliate,2025-07-26
C02214,LV,Organic Search,2025-03-06
C02215,LT,CRM,2025-09-19
C02216,LV,Paid Social,2025-04-10
C02217,LT,CRM,2025-06-24
C02218,LV,Paid Search,2025-09-16
C02219,EE,Paid Social,2025-08-07
C02220,EE,Paid Social,2025-05-19
C02221,LT,CRM,2025-08-31
C02222,EE,Affiliate,2025-08-04
C02223,LV,Paid Social,2025-01-15
C02224,EE,Paid Social,2025-09-11
C02225,LT,Paid Search,2025-06-20
C02226,LV,Paid Search,2025-09-21
C02227,LT,Paid Search,2025-02-01
C02228,LV,Paid Search,2025-02-06
C02229,LT,CRM,2025-03-11
C02230,LV,Affiliate,2025-01-30
C02231,LT,Paid Search,2025-05-09
C02232,LV,Organic Search,2025-07-15
C02233,EE,Paid Search,2025-09-16
C02234,LV,Organic Search,2025-01-04
C02235,EE,Affiliate,2025-08-24
C02236,LV,CRM,2025-05-05
C02237,LV,Paid Search,2025-05-25
C02238,LT,Organic Search,2025-03-10
C02239,LV,Affiliate,2025-05-25
C02240,EE,Affiliate,2025-05-25
C02241,LV,Affiliate,2025-02-08
C02242,LV,Organic Search,2025-09-27
C02243,LV,Paid Social,2025-05-27
C02244,LT,Paid Search,2025-09-12
C02245,EE,Paid Social,2025-04-15
C02246,LT,Organic Search,2025-04-23
C02247,LT,Organic Search,2025-09-22
C02248,LV,Paid Search,2025-06-29
C02249,LT,Affiliate,2025-03-25
C02250,LV,Paid Social,2025-03-11
C02251,EE,Paid Social,2025-07-11
C02252,LV,Paid Search,2025-06-27
C02253,LV,Affiliate,2025-01-14
C02254,LV,Organic Search,2025-07-01
C02255,LT,Paid Search,2025-08-22
C02256,LV,CRM,2025-01-17
C02257,LV,CRM,2025-01-17
C02258,LV,CRM,2025-03-28
C02259,LT,Paid Search,2025-07-17
C02260,EE,Paid Search,2025-01-06
C02261,LT,Affiliate,2025-07-23
C02262,LT,Paid Search,2025-03-01
C02263,LV,Paid Social,2025-03-13
C02264,EE,Affiliate,2025-09-24
C02265,LV,Paid Search,2025-03-14
C02266,EE,CRM,2025-09-19
C02267,LT,Paid Search,2025-09-17
C02268,LV,Affiliate,2025-02-22
C02269,EE,Paid Search,2025-10-25
C02270,EE,Paid Social,2025-02-17
C02271,EE,CRM,2025-04-22
C02272,LV,Organic Search,2025-10-25
C02273,LT,CRM,2025-05-01
C02274,LV,Paid Social,2025-08-29
C02275,LV,Paid Search,2025-07-07
C02276,LV,Paid Social,2025-04-14
C02277,LV,Paid Search,2025-10-13
C02278,LV,Paid Social,2025-05-08
C02279,LV,Paid Search,2025-09-13
C02280,LV,Organic Search,2025-03-28
C02281,LV,CRM,2025-08-20
C02282,EE,Paid Search,2025-07-03
C02283,LV,Organic Search,2025-05-19
C02284,EE,Affiliate,2025-06-25
C02285,LT,Paid Search,2025-10-21
C02286,LT,Paid Social,2025-07-19
C02287,LT,Paid Social,2025-01-11
C02288,LV,Organic Search,2025-01-01
C02289,LV,Organic Search,2025-06-12
C02290,LV,Organic Search,2025-06-27
C02291,LV,CRM,2025-01-22
C02292,LV,Affiliate,2025-08-20
C02293,LT,Organic Search,2025-07-06
C02294,LT,Organic Search,2025-07-20
C02295,LT,Paid Social,2025-06-07
C02296,LV,Paid Search,2025-03-10
C02297,LV,Affiliate,2025-04-01
C02298,LV,Paid Social,2025-08-18
C02299,LV,Paid Search,2025-04-03
C02300,LV,CRM,2025-04-20
C02301,EE,Paid Search,2025-10-18
C02302,LV,Paid Social,2025-05-30
C02303,LV,Paid Social,2025-01-03
C02304,EE,Organic Search,2025-06-03
C02305,LV,Paid Search,2025-04-25
C02306,LV,Paid Social,2025-02-19
C02307,LT,Organic Search,2025-02-04
C02308,EE,Organic Search,2025-01-23
C02309,LV,CRM,2025-10-17
C02310,LV,Organic Search,2025-05-29
C02311,LV,Organic Search,2025-08-27
C02312,LV,CRM,2025-08-27
C02313,LV,Organic Search,2025-02-26
C02314,LT,Affiliate,2025-10-15
C02315,EE,Paid Search,2025-09-22
C02316,LV,Paid Search,2025-05-01
C02317,LT,Organic Search,2025-01-21
C02318,LV,CRM,2025-04-06
C02319,LV,Paid Search,2025-01-31
C02320,LV,Paid Social,2025-02-24
C02321,EE,Paid Social,2025-10-24
C02322,LV,Paid Social,2025-03-17
C02323,LT,Organic Search,2025-05-15
C02324,EE,Organic Search,2025-01-13
C02325,LV,Paid Search,2025-04-20
C02326,EE,Affiliate,2025-01-01
C02327,LV,Paid Search,2025-10-13
C02328,EE,CRM,2025-07-09
C02329,LT,Paid Social,2025-01-07
C02330,EE,Organic Search,2025-02-11
C02331,LV,Organic Search,2025-10-04
C02332,LV,CRM,2025-04-24
C02333,LV,CRM,2025-09-01
C02334,LT,Paid Search,2025-07-14
C02335,LV,Affiliate,2025-07-21
C02336,LV,Paid Social,2025-07-01
C02337,EE,Organic Search,2025-04-05
C02338,LT,Affiliate,2025-10-25
C02339,EE,Organic Search,2025-02-01
C02340,LT,CRM,2025-05-26
C02341,LT,Organic Search,2025-07-08
C02342,LV,CRM,2025-09-26
C02343,LV,Paid Social,2025-01-01
C02344,LT,Paid Social,2025-01-02
C02345,LT,Paid Search,2025-01-22
C02346,LT,CRM,2025-02-27
C02347,LV,Paid Search,2025-03-18
C02348,EE,Organic Search,2025-03-22
C02349,EE,CRM,2025-04-10
C02350,LV,Paid Social,2025-03-27
C02351,LT,Affiliate,2025-08-02
C02352,EE,Organic Search,2025-05-12
C02353,LV,Paid Social,2025-10-25
C02354,LV,Paid Social,2025-10-01
C02355,LT,Paid Search,2025-02-21
C02356,LV,Affiliate,2025-03-18
C02357,EE,Organic Search,2025-09-04
C02358,LV,Paid Search,2025-01-19
C02359,LT,CRM,2025-09-27
C02360,EE,Paid Social,2025-09-01
C02361,EE,Paid Search,2025-06-06
C02362,LT,Affiliate,2025-03-19
C02363,LT,CRM,2025-01-17
C02364,EE,Organic Search,2025-04-04
C02365,LV,Paid Social,2025-10-24
C02366,EE,Affiliate,2025-05-23
C02367,EE,Paid Social,2025-03-20
C02368,LV,Paid Social,2025-08-14
C02369,LV,CRM,2025-02-12
C02370,LT,Organic Search,2025-01-06
C02371,LV,Organic Search,2025-09-19
C02372,LT,Paid Social,2025-05-29
C02373,EE,Paid Search,2025-05-05
C02374,LT,Paid Social,2025-03-17
C02375,LT,Paid Search,2025-04-03
C02376,LT,Organic Search,2025-10-25
C02377,EE,Paid Social,2025-08-14
C02378,LV,Paid Search,2025-07-26
C02379,LV,CRM,2025-06-22
C02380,EE,Affiliate,2025-04-10
C02381,LV,Organic Search,2025-06-01
C02382,LV,Paid Search,2025-06-18
C02383,LV,CRM,2025-01-14
C02384,EE,CRM,2025-01-26
C02385,EE,Affiliate,2025-04-19
C02386,LT,Organic Search,2025-08-28
C02387,LV,Affiliate,2025-05-31
C02388,LT,Organic Search,2025-04-15
C02389,LT,Organic Search,2025-01-28
C02390,LV,Organic Search,2025-07-26
C02391,LV,CRM,2025-10-23
C02392,LT,CRM,2025-03-25
C02393,LT,CRM,2025-08-03
C02394,LV,Paid Search,2025-10-20
C02395,LV,CRM,2025-10-04
C02396,LT,Paid Search,2025-07-13
C02397,EE,Paid Search,2025-10-24
C02398,LV,Paid Search,2025-08-04
C02399,LT,Paid Search,2025-08-06
C02400,LT,Paid Search,2025-01-26
